,Language,a,b,c,d,prompts
0,EN,pastry,egg,bread,"['flour', 'yeast']","""pastry"" is to ""egg"" as ""bread"" is to "
1,EN,table,metal,icicle,"['ice', 'water']","""table"" is to ""metal"" as ""icicle"" is to "
2,EN,doorknob,wood,money,"['paper', 'metal', 'silver', 'gold', 'iron', 'copper', 'tin']","""doorknob"" is to ""wood"" as ""money"" is to "
3,EN,penny,copper,doorknob,"['metal', 'steel', 'bronze', 'wood']","""penny"" is to ""copper"" as ""doorknob"" is to "
4,EN,concrete,sand,chocolate,"['cocoa', 'bean', 'cacao_bean', 'cocoa_bean']","""concrete"" is to ""sand"" as ""chocolate"" is to "
5,EN,roof,shingles,candy,"['sugar', 'nougat', 'chocolate', 'gelatin', 'molasses', 'syrup', 'honey', 'fruit', 'nuts']","""roof"" is to ""shingles"" as ""candy"" is to "
6,EN,sea,water,icicle,"['ice', 'water']","""sea"" is to ""water"" as ""icicle"" is to "
7,EN,cloud,vapor,wall,"['cement', 'bricks', 'stones', 'rocks', 'wood', 'cardboard', 'board', 'plank', 'clay', 'mud']","""cloud"" is to ""vapor"" as ""wall"" is to "
8,EN,money,copper,water,"['oxygen', 'hydrogen', 'h2o', 'atomic_number_1', 'atomic_number_8', 'h', 'o']","""money"" is to ""copper"" as ""water"" is to "
9,EN,plastic,coal,wine,"['grapes', 'grape']","""plastic"" is to ""coal"" as ""wine"" is to "
10,EN,bronze,copper,icicle,"['ice', 'water']","""bronze"" is to ""copper"" as ""icicle"" is to "
11,EN,beard,hair,icicle,"['ice', 'water']","""beard"" is to ""hair"" as ""icicle"" is to "
12,EN,penny,nickel,water,"['oxygen', 'hydrogen', 'h2o', 'atomic_number_1', 'atomic_number_8', 'h', 'o']","""penny"" is to ""nickel"" as ""water"" is to "
13,EN,wall,clay,money,"['paper', 'metal', 'silver', 'gold', 'iron', 'copper', 'tin']","""wall"" is to ""clay"" as ""money"" is to "
14,EN,beach,pebbles,table,"['wood', 'metal', 'plastic']","""beach"" is to ""pebbles"" as ""table"" is to "
15,EN,candy,fruit,plastic,"['polymer', 'oil', 'gas', 'coal']","""candy"" is to ""fruit"" as ""plastic"" is to "
16,EN,snow,hydrogen,snow,"['water', 'oxygen', 'hydrogen', 'flake', 'ice', 'snowflake', 'snowflakes', 'h2o', 'atomic_number_1', 'atomic_number_8', 'h', 'o']","""snow"" is to ""hydrogen"" as ""snow"" is to "
17,EN,omelette,eggs,beach,"['sand', 'silicon', 'rocks', 'pebbles', 'atomic_number_14']","""omelette"" is to ""eggs"" as ""beach"" is to "
18,EN,snow,ice,penny,"['metal', 'alloy', 'bronze', 'nickel', 'zinc', 'copper', 'tin']","""snow"" is to ""ice"" as ""penny"" is to "
19,EN,atmosphere,gas,wall,"['cement', 'bricks', 'stones', 'rocks', 'wood', 'cardboard', 'board', 'plank', 'clay', 'mud']","""atmosphere"" is to ""gas"" as ""wall"" is to "
20,EN,candy,molasses,money,"['paper', 'metal', 'silver', 'gold', 'iron', 'copper', 'tin']","""candy"" is to ""molasses"" as ""money"" is to "
21,EN,bottle,plastic,spoon,"['aluminium', 'wood', 'steel']","""bottle"" is to ""plastic"" as ""spoon"" is to "
22,EN,ice,oxygen,ice,"['water', 'oxygen', 'hydrogen', 'h2o', 'atomic_number_1', 'atomic_number_8', 'h', 'o']","""ice"" is to ""oxygen"" as ""ice"" is to "
23,EN,bag,leather,ice,"['water', 'oxygen', 'hydrogen', 'h2o', 'atomic_number_1', 'atomic_number_8', 'h', 'o']","""bag"" is to ""leather"" as ""ice"" is to "
24,EN,roof,metal,bowl,"['glass', 'china', 'aluminium', 'wood', 'steel', 'plastic', 'clay']","""roof"" is to ""metal"" as ""bowl"" is to "
25,EN,desk,metal,doorknob,"['metal', 'steel', 'bronze', 'wood']","""desk"" is to ""metal"" as ""doorknob"" is to "
26,EN,plastic,gas,beach,"['sand', 'silicon', 'rocks', 'pebbles', 'atomic_number_14']","""plastic"" is to ""gas"" as ""beach"" is to "
27,EN,steel,carbon,chocolate,"['cocoa', 'bean', 'cacao_bean', 'cocoa_bean']","""steel"" is to ""carbon"" as ""chocolate"" is to "
28,EN,house,bricks,concrete,"['silicon', 'cement', 'water', 'sand', 'atomic_number_14', 'si']","""house"" is to ""bricks"" as ""concrete"" is to "
29,EN,house,clay,atmosphere,"['gas', 'oxygen', 'hydrogen', 'nitrogen', 'ozone']","""house"" is to ""clay"" as ""atmosphere"" is to "
30,SL,pecivo,jajce,kruh,"['moka', 'kvas']","Beseda ""pecivo"" je besedi ""jajce"" enako, kot je beseda ""kruh"" besedi "
31,SL,miza,kovina,ledena_sveča,"['led', 'voda']","Beseda ""miza"" je besedi ""kovina"" enako, kot je beseda ""ledena_sveča"" besedi "
32,SL,kljuka,les,denar,"['papir', 'jeklo', 'srebro', 'zlato', 'železo', 'baker', 'kositer']","Beseda ""kljuka"" je besedi ""les"" enako, kot je beseda ""denar"" besedi "
33,SL,peni,baker,kljuka,"['kovina', 'jeklo', 'bron', 'les']","Beseda ""peni"" je besedi ""baker"" enako, kot je beseda ""kljuka"" besedi "
34,SL,beton,pesek,čokolada,"['kakav', 'fižol', 'kakavova_zrna']","Beseda ""beton"" je besedi ""pesek"" enako, kot je beseda ""čokolada"" besedi "
35,SL,streha,skodle,sladkarije,"['sladkor', 'lešnik', 'čokolada', 'želatina', 'melasa', 'sirup', 'med', 'sadje', 'oreški']","Beseda ""streha"" je besedi ""skodle"" enako, kot je beseda ""sladkarije"" besedi "
36,SL,morje,voda,ledena_sveča,"['led', 'voda']","Beseda ""morje"" je besedi ""voda"" enako, kot je beseda ""ledena_sveča"" besedi "
37,SL,oblak,para,zid,"['cement', 'opeke', 'kamni', 'skale', 'les', 'karton', 'deska', 'glina', 'blato']","Beseda ""oblak"" je besedi ""para"" enako, kot je beseda ""zid"" besedi "
38,SL,denar,baker,voda,"['kisik', 'vodik', 'voda', 'h2o', 'atomsko_število_1', 'atomsko_število_8', 'h', 'o']","Beseda ""denar"" je besedi ""baker"" enako, kot je beseda ""voda"" besedi "
39,SL,plastika,premog,vino,['grozdje'],"Beseda ""plastika"" je besedi ""premog"" enako, kot je beseda ""vino"" besedi "
40,SL,bron,baker,ledena_sveča,"['led', 'voda']","Beseda ""bron"" je besedi ""baker"" enako, kot je beseda ""ledena_sveča"" besedi "
41,SL,brada,lazje,ledena_sveča,"['led', 'voda']","Beseda ""brada"" je besedi ""lazje"" enako, kot je beseda ""ledena_sveča"" besedi "
42,SL,peni,nikelj,voda,"['kisik', 'vodik', 'voda', 'h2o', 'atomsko_število_1', 'atomsko_število_8', 'h', 'o']","Beseda ""peni"" je besedi ""nikelj"" enako, kot je beseda ""voda"" besedi "
43,SL,zid,glina,denar,"['papir', 'jeklo', 'srebro', 'zlato', 'železo', 'baker', 'kositer']","Beseda ""zid"" je besedi ""glina"" enako, kot je beseda ""denar"" besedi "
44,SL,plaža,kamenčki,miza,"['les', 'kovina', 'plastika']","Beseda ""plaža"" je besedi ""kamenčki"" enako, kot je beseda ""miza"" besedi "
45,SL,sladkarije,sadje,plastika,"['polimer', 'olje', 'plin', 'premog']","Beseda ""sladkarije"" je besedi ""sadje"" enako, kot je beseda ""plastika"" besedi "
46,SL,sneg,vodik,sneg,"['voda', 'kisik', 'vodik', 'kosmiči', 'led', 'snežinka', 'snežinke', 'h2o', 'atomsko_število_1', 'atomsko_število_8', 'h', 'o']","Beseda ""sneg"" je besedi ""vodik"" enako, kot je beseda ""sneg"" besedi "
47,SL,omleta,jajca,plaža,"['pesek', 'silicij', 'skale', 'kamenčki', 'atomsko_število_14']","Beseda ""omleta"" je besedi ""jajca"" enako, kot je beseda ""plaža"" besedi "
48,SL,sneg,led,peni,"['kovina', 'zlitina', 'bron', 'nikelj', 'cink', 'baker', 'kositer']","Beseda ""sneg"" je besedi ""led"" enako, kot je beseda ""peni"" besedi "
49,SL,atmosfera,plin,zid,"['cement', 'opeke', 'kamni', 'skale', 'les', 'karton', 'deska', 'glina', 'blato']","Beseda ""atmosfera"" je besedi ""plin"" enako, kot je beseda ""zid"" besedi "
50,SL,sladkarije,melasa,denar,"['papir', 'jeklo', 'srebro', 'zlato', 'železo', 'baker', 'kositer']","Beseda ""sladkarije"" je besedi ""melasa"" enako, kot je beseda ""denar"" besedi "
51,SL,steklenica,plastika,žlica,"['aluminij', 'les', 'jeklo']","Beseda ""steklenica"" je besedi ""plastika"" enako, kot je beseda ""žlica"" besedi "
52,SL,led,kisik,led,"['voda', 'kisik', 'vodik', 'h2o', 'atomsko_število_1', 'atomsko_število_8', 'h', 'o']","Beseda ""led"" je besedi ""kisik"" enako, kot je beseda ""led"" besedi "
53,SL,torba,usnje,led,"['voda', 'kisik', 'vodik', 'h2o', 'atomsko_število_1', 'atomsko_število_8', 'h', 'o']","Beseda ""torba"" je besedi ""usnje"" enako, kot je beseda ""led"" besedi "
54,SL,streha,kovina,skleda,"['kozared', 'keramika', 'aluminij', 'les', 'jeklo', 'plastika', 'glina']","Beseda ""streha"" je besedi ""kovina"" enako, kot je beseda ""skleda"" besedi "
55,SL,miza,kovina,kljuka,"['kovina', 'jeklo', 'bron', 'les']","Beseda ""miza"" je besedi ""kovina"" enako, kot je beseda ""kljuka"" besedi "
56,SL,plastika,plin,plaža,"['pesek', 'silicij', 'skale', 'kamenčki', 'atomsko_število_14']","Beseda ""plastika"" je besedi ""plin"" enako, kot je beseda ""plaža"" besedi "
57,SL,jeklo,ogljik,čokolada,"['kakav', 'fižol', 'kakavova_zrna']","Beseda ""jeklo"" je besedi ""ogljik"" enako, kot je beseda ""čokolada"" besedi "
58,SL,hiša,opeke,beton,"['silicij', 'cement', 'voda', 'pesek', 'atomsko_število_14']","Beseda ""hiša"" je besedi ""opeke"" enako, kot je beseda ""beton"" besedi "
59,SL,hiša,glina,atmosfera,"['plin', 'kisik', 'vodik', 'dušik', 'ozon']","Beseda ""hiša"" je besedi ""glina"" enako, kot je beseda ""atmosfera"" besedi "
60,SK,pečivo,vajce,chlieb,"['múka', 'kvasnice']","Slovo ""pečivo""  sa má k slovu ""vajce"" ako slovo ""chlieb"" k slovu "
61,SK,stôl,kov,cencúľ,"['ľad', 'voda']","Slovo ""stôl""  sa má k slovu ""kov"" ako slovo ""cencúľ"" k slovu "
62,SK,kľučka,drevo,peniaze,"['papier', 'kov', 'striebro', 'zlato', 'železo', 'meď', 'cín']","Slovo ""kľučka""  sa má k slovu ""drevo"" ako slovo ""peniaze"" k slovu "
63,SK,penny,meď,kľučka,"['kov', 'oceľ', 'bronz', 'drevo']","Slovo ""penny""  sa má k slovu ""meď"" ako slovo ""kľučka"" k slovu "
64,SK,betón,piesok,čokoláda,"['kakao', 'bôb', 'kakaový_bôb']","Slovo ""betón""  sa má k slovu ""piesok"" ako slovo ""čokoláda"" k slovu "
65,SK,strecha,škridle,cukrík,"['cukor', 'nugát', 'čokoláda', 'želatína', 'melasa', 'sirup', 'med', 'ovocie', 'oriešky']","Slovo ""strecha""  sa má k slovu ""škridle"" ako slovo ""cukrík"" k slovu "
66,SK,more,voda,cencúľ,"['ľad', 'voda']","Slovo ""more""  sa má k slovu ""voda"" ako slovo ""cencúľ"" k slovu "
67,SK,mračno,para,stena,"['cement', 'tehly', 'kamene', 'drevo', 'kartón', 'platňa', 'doska', 'hlina', 'blato']","Slovo ""mračno""  sa má k slovu ""para"" ako slovo ""stena"" k slovu "
68,SK,peniaze,meď,voda,"['kyslík', 'vodík', 'voda', 'H₂O', 'atómové_číslo_1', 'atómové_číslo_8', 'H', 'O']","Slovo ""peniaze""  sa má k slovu ""meď"" ako slovo ""voda"" k slovu "
69,SK,umelá_hmota,uhlie,víno,['hrozno'],"Slovo ""umelá_hmota""  sa má k slovu ""uhlie"" ako slovo ""víno"" k slovu "
70,SK,bronz,meď,cencúľ,"['ľad', 'voda']","Slovo ""bronz""  sa má k slovu ""meď"" ako slovo ""cencúľ"" k slovu "
71,SK,brada,chlp,cencúľ,"['ľad', 'voda']","Slovo ""brada""  sa má k slovu ""chlp"" ako slovo ""cencúľ"" k slovu "
72,SK,penny,nikel,voda,"['kyslík', 'vodík', 'voda', 'H₂O', 'atómové_číslo_1', 'atómové_číslo_8', 'H', 'O']","Slovo ""penny""  sa má k slovu ""nikel"" ako slovo ""voda"" k slovu "
73,SK,stena,hlina,peniaze,"['papier', 'kov', 'striebro', 'zlato', 'železo', 'meď', 'cín']","Slovo ""stena""  sa má k slovu ""hlina"" ako slovo ""peniaze"" k slovu "
74,SK,pláž,kamienky,stôl,"['drevo', 'kov', 'umelá_hmota']","Slovo ""pláž""  sa má k slovu ""kamienky"" ako slovo ""stôl"" k slovu "
75,SK,cukrík,ovocie,umelá_hmota,"['polymér', 'ropa', 'plyn', 'uhlie']","Slovo ""cukrík""  sa má k slovu ""ovocie"" ako slovo ""umelá_hmota"" k slovu "
76,SK,sneh,vodík,sneh,"['voda', 'kyslík', 'vodík', 'vločka', 'ľad', 'snehová_vločka', 'snehové_vločky', 'H₂O', 'atómové_číslo_1', 'atómové_číslo_8', 'H', 'O']","Slovo ""sneh""  sa má k slovu ""vodík"" ako slovo ""sneh"" k slovu "
77,SK,omeleta,vajcia,pláž,"['piesok', 'kremík', 'kamene', 'kamienky', 'atómové_číslo_14', 'Si']","Slovo ""omeleta""  sa má k slovu ""vajcia"" ako slovo ""pláž"" k slovu "
78,SK,sneh,ľad,penny,"['kov', 'zliatina', 'bronz', 'nikel', 'zinok', 'meď', 'cín']","Slovo ""sneh""  sa má k slovu ""ľad"" ako slovo ""penny"" k slovu "
79,SK,atmosféra,plyn,stena,"['cement', 'tehly', 'kamene', 'drevo', 'kartón', 'platňa', 'doska', 'hlina', 'blato']","Slovo ""atmosféra""  sa má k slovu ""plyn"" ako slovo ""stena"" k slovu "
80,SK,cukrík,melasa,peniaze,"['papier', 'kov', 'striebro', 'zlato', 'železo', 'meď', 'cín']","Slovo ""cukrík""  sa má k slovu ""melasa"" ako slovo ""peniaze"" k slovu "
81,SK,fľaša,umelá_hmota,lyžička,"['hliník', 'drevo', 'oceľ']","Slovo ""fľaša""  sa má k slovu ""umelá_hmota"" ako slovo ""lyžička"" k slovu "
82,SK,ľad,kyslík,ľad,"['voda', 'kyslík', 'vodík', 'H₂O', 'atómové_číslo_1', 'atómové_číslo_8', 'H', 'O']","Slovo ""ľad""  sa má k slovu ""kyslík"" ako slovo ""ľad"" k slovu "
83,SK,vak,koža,ľad,"['voda', 'kyslík', 'vodík', 'H₂O', 'atómové_číslo_1', 'atómové_číslo_8', 'H', 'O']","Slovo ""vak""  sa má k slovu ""koža"" ako slovo ""ľad"" k slovu "
84,SK,strecha,kov,misa,"['sklo', 'porcelán', 'hliník', 'drevo', 'oceľ', 'umelá_hmota', 'hlina']","Slovo ""strecha""  sa má k slovu ""kov"" ako slovo ""misa"" k slovu "
85,SK,stôl,kov,kľučka,"['kov', 'oceľ', 'bronz', 'drevo']","Slovo ""stôl""  sa má k slovu ""kov"" ako slovo ""kľučka"" k slovu "
86,SK,umelá_hmota,plyn,pláž,"['piesok', 'kremík', 'kamene', 'kamienky', 'atómové_číslo_14', 'Si']","Slovo ""umelá_hmota""  sa má k slovu ""plyn"" ako slovo ""pláž"" k slovu "
87,SK,oceľ,uhlík,čokoláda,"['kakao', 'bôb', 'kakaový_bôb']","Slovo ""oceľ""  sa má k slovu ""uhlík"" ako slovo ""čokoláda"" k slovu "
88,SK,dom,tehly,betón,"['kremík', 'cement', 'voda', 'piesok', 'atómové_číslo_14', 'Si']","Slovo ""dom""  sa má k slovu ""tehly"" ako slovo ""betón"" k slovu "
89,SK,dom,hlina,atmosféra,"['plyn', 'kyslík', 'vodík', 'dusík', 'ozón']","Slovo ""dom""  sa má k slovu ""hlina"" ako slovo ""atmosféra"" k slovu "
90,HE,מאפה,ביצה,לחם,"['קמח', 'שמרים']"," ל ""לחם"" כ ""ביצה"" ל ""מאפה"""
91,HE,שולחן,מַתֶכֶת,נטיף_קרח,"['קרח', 'מים']"," ל ""נטיף_קרח"" כ ""מַתֶכֶת"" ל ""שולחן"""
92,HE,ידית_של_דלת,עץ,כֶּסֶף,"['עיתון', 'מַתֶכֶת', 'צבע_כסף', 'צבע_זהב', 'בַּרזֶל', 'נְחוֹשֶׁת', 'פַּח']"," ל ""כֶּסֶף"" כ ""עץ"" ל ""ידית_של_דלת"""
93,HE,פֶּנִי,נְחוֹשֶׁת,ידית_של_דלת,"['מַתֶכֶת', 'פְּלָדָה', 'בְּרוֹנזָה', 'עץ']"," ל ""ידית_של_דלת"" כ ""נְחוֹשֶׁת"" ל ""פֶּנִי"""
94,HE,בֵּטוֹן,חוֹל,שוקולד,"['קקאו', 'אפונה', 'פולי_קקאו']"," ל ""שוקולד"" כ ""חוֹל"" ל ""בֵּטוֹן"""
95,HE,גג,קירוי,ממתק,"['סוכר', 'נוגט', 'שוקולד', ""ג'לטין"", 'דִבשָׁה', 'סירופ', 'דבש', 'פרי', 'אֱגוֹזִים']"," ל ""ממתק"" כ ""קירוי"" ל ""גג"""
96,HE,יָם,מים,נטיף_קרח,"['קרח', 'מים']"," ל ""נטיף_קרח"" כ ""מים"" ל ""יָם"""
97,HE,ענן,אדים,קִיר,"['בטון', 'לבנים', 'אבנים', 'סלעים', 'עץ', 'קַרטוֹן', 'גלשן', 'קֶרֶשׁ', 'חֶרֶס', 'בּוֹץ']"," ל ""קִיר"" כ ""אדים"" ל ""ענן"""
98,HE,כֶּסֶף,נְחוֹשֶׁת,מים,"['חַמצָן', 'מֵימָן', 'מים', 'H2O', 'מספר_אטומי_8', 'מספר_אטומי_1']"," ל ""מים"" כ ""נְחוֹשֶׁת"" ל ""כֶּסֶף"""
99,HE,פלסטי,פֶּחָם,יַיִן,"['ענבים', 'עַנָב']"," ל ""יַיִן"" כ ""פֶּחָם"" ל ""פלסטי"""
100,HE,בְּרוֹנזָה,נְחוֹשֶׁת,נטיף_קרח,"['קרח', 'מים']"," ל ""נטיף_קרח"" כ ""נְחוֹשֶׁת"" ל ""בְּרוֹנזָה"""
101,HE,זָקָן,שיער,נטיף_קרח,"['קרח', 'מים']"," ל ""נטיף_קרח"" כ ""שיער"" ל ""זָקָן"""
102,HE,פֶּנִי,ניקל,מים,"['חַמצָן', 'מֵימָן', 'מים', 'H2O', 'מספר_אטומי_8', 'מספר_אטומי_1']"," ל ""מים"" כ ""ניקל"" ל ""פֶּנִי"""
103,HE,קִיר,חֶרֶס,כֶּסֶף,"['עיתון', 'מַתֶכֶת', 'צבע_כסף', 'צבע_זהב', 'בַּרזֶל', 'נְחוֹשֶׁת', 'פַּח']"," ל ""כֶּסֶף"" כ ""חֶרֶס"" ל ""קִיר"""
104,HE,החוף,חלוקי_נחל,שולחן,"['עץ', 'מַתֶכֶת', 'פלסטי']"," ל ""שולחן"" כ ""חלוקי_נחל"" ל ""החוף"""
105,HE,ממתק,פרי,פלסטי,"['פּוֹלִימֵר', 'שמן', 'גַז', 'פֶּחָם']"," ל ""פלסטי"" כ ""פרי"" ל ""ממתק"""
106,HE,שֶׁלֶג,מֵימָן,שֶׁלֶג,"['מים', 'חַמצָן', 'מֵימָן', 'לְהִתְקַלֵף', 'קרח', 'פְּתִית_שֶׁלֶג', 'פתיתי_שלג', 'H2O', 'מספר_אטומי_8', 'מספר_אטומי_1']"," ל ""שֶׁלֶג"" כ ""מֵימָן"" ל ""שֶׁלֶג"""
107,HE,חֲבִיתָה,ביצים,החוף,"['חוֹל', 'סִילִיקוֹן', 'סלעים', 'חלוקי_נחל', 'מספר_אטומי_14', 'סִי']"," ל ""החוף"" כ ""ביצים"" ל ""חֲבִיתָה"""
108,HE,שֶׁלֶג,קרח,פֶּנִי,"['מַתֶכֶת', 'סַגסוֹגֶת', 'בְּרוֹנזָה', 'ניקל', 'אָבָץ', 'נְחוֹשֶׁת', 'פַּח']"," ל ""פֶּנִי"" כ ""קרח"" ל ""שֶׁלֶג"""
109,HE,אַטמוֹספֵרָה,גַז,קִיר,"['בטון', 'לבנים', 'אבנים', 'סלעים', 'עץ', 'קַרטוֹן', 'גלשן', 'קֶרֶשׁ', 'חֶרֶס', 'בּוֹץ']"," ל ""קִיר"" כ ""גַז"" ל ""אַטמוֹספֵרָה"""
110,HE,ממתק,דִבשָׁה,כֶּסֶף,"['עיתון', 'מַתֶכֶת', 'צבע_כסף', 'צבע_זהב', 'בַּרזֶל', 'נְחוֹשֶׁת', 'פַּח']"," ל ""כֶּסֶף"" כ ""דִבשָׁה"" ל ""ממתק"""
111,HE,בקבוק,פלסטי,כף,"['אֲלוּמִינְיוּם', 'עץ', 'פְּלָדָה']"," ל ""כף"" כ ""פלסטי"" ל ""בקבוק"""
112,HE,קרח,חַמצָן,קרח,"['מים', 'חַמצָן', 'מֵימָן', 'h2o', 'מספר_אטומי_8', 'מספר_אטומי_1']"," ל ""קרח"" כ ""חַמצָן"" ל ""קרח"""
113,HE,תיק,עוֹר,קרח,"['מים', 'חַמצָן', 'מֵימָן', 'h2o', 'מספר_אטומי_8', 'מספר_אטומי_1']"," ל ""קרח"" כ ""עוֹר"" ל ""תיק"""
114,HE,גג,מַתֶכֶת,קְעָרָה,"['זכוכית', 'חרסינה', 'אֲלוּמִינְיוּם', 'עץ', 'פְּלָדָה', 'פלסטי', 'חֶרֶס']"," ל ""קְעָרָה"" כ ""מַתֶכֶת"" ל ""גג"""
115,HE,שולחן_כתיבה,מַתֶכֶת,ידית_של_דלת,"['מַתֶכֶת', 'פְּלָדָה', 'בְּרוֹנזָה', 'עץ']"," ל ""ידית_של_דלת"" כ ""מַתֶכֶת"" ל ""שולחן_כתיבה"""
116,HE,פלסטי,גַז,החוף,"['חוֹל', 'סִילִיקוֹן', 'סלעים', 'חלוקי_נחל', 'מספר_אטומי_14', 'סִי']"," ל ""החוף"" כ ""גַז"" ל ""פלסטי"""
117,HE,פְּלָדָה,פַּחמָן,שוקולד,"['קקאו', 'אפונה', 'פולי_קקאו']"," ל ""שוקולד"" כ ""פַּחמָן"" ל ""פְּלָדָה"""
118,HE,בַּיִת,לבנים,בֵּטוֹן,"['סִילִיקוֹן', 'בטון', 'מים', 'חוֹל', 'מספר_אטומי_14', 'סִי']"," ל ""בֵּטוֹן"" כ ""לבנים"" ל ""בַּיִת"""
119,HE,בַּיִת,חֶרֶס,אַטמוֹספֵרָה,"['גַז', 'חַמצָן', 'מֵימָן', 'חַנקָן', 'אוֹזוֹן']"," ל ""אַטמוֹספֵרָה"" כ ""חֶרֶס"" ל ""בַּיִת"""
120,AL,ëmbëlsirë,vezë,bukë,"['miell', 'maja']","""ëmbëlsirë"" është për ""vezë"" ashtu si ""bukë"" për "
121,AL,tavolinë,metali,qiri_akulli,"['akull', 'ujë']","""tavolinë"" është për ""metali"" ashtu si ""qiri_akulli"" për "
122,AL,dorezë_dere,dru,para,"['letër', 'metal', 'argjend', 'flori', 'hekur', 'bakër', 'teneqe']","""dorezë_dere"" është për ""dru"" ashtu si ""para"" për "
123,AL,qindarkë,bakër,dorezë_dere,"['metal', 'çelik', 'bronz', 'dru']","""qindarkë"" është për ""bakër"" ashtu si ""dorezë_dere"" për "
124,AL,beton,rërë,çokollatë,"['kakao', 'kokërr', 'kokërr_kakao']","""beton"" është për ""rërë"" ashtu si ""çokollatë"" për "
125,AL,çati,tjegulla,karamele,"['sheqer', 'nuga', 'çokollatë', 'xhel', 'melasë', 'shurup', 'mjaltë', 'frut', 'arra']","""çati"" është për ""tjegulla"" ashtu si ""karamele"" për "
126,AL,det,ujë,qiri_akulli,"['akull', 'ujë']","""det"" është për ""ujë"" ashtu si ""qiri_akulli"" për "
127,AL,re,avull,mur,"['çimento', 'tulla', 'gurë', 'shkëmbinj', 'dru', 'karton', 'dërrasë', 'dërrasë/parket', 'argjilë', 'baltë']","""re"" është për ""avull"" ashtu si ""mur"" për "
128,AL,para,bakër,ujë,"['oksigjen', 'hidrogjen', 'ujë', 'h2o', 'numri_atomik_1', 'numri_atomik_8', 'h', 'o']","""para"" është për ""bakër"" ashtu si ""ujë"" për "
129,AL,plastikë,qymyr,verë,"['rrush', 'rrusht']","""plastikë"" është për ""qymyr"" ashtu si ""verë"" për "
130,AL,bronz,bakër,qiri_akulli,"['akull', 'ujë']","""bronz"" është për ""bakër"" ashtu si ""qiri_akulli"" për "
131,AL,mjekër,qime,qiri_akulli,"['akull', 'ujë']","""mjekër"" është për ""qime"" ashtu si ""qiri_akulli"" për "
132,AL,qindarkë,nikel,ujë,"['oksigjen', 'hidrogjen', 'ujë', 'h2o', 'numri_atomik_1', 'numri_atomik_8', 'h', 'o']","""qindarkë"" është për ""nikel"" ashtu si ""ujë"" për "
133,AL,mur,argjilë,para,"['letër', 'metal', 'argjend', 'flori', 'hekur', 'bakër', 'teneqe']","""mur"" është për ""argjilë"" ashtu si ""para"" për "
134,AL,plazh,guralecë,tavolinë,"['druri', 'metali', 'plastike']","""plazh"" është për ""guralecë"" ashtu si ""tavolinë"" për "
135,AL,karamele,frut,plastikë,"['polimer', 'naftë', 'gaz', 'qymyr']","""karamele"" është për ""frut"" ashtu si ""plastikë"" për "
136,AL,borë,hidrogjen,borë,"['ujë', 'oksigjen', 'hidrogjen', 'flokë', 'akull', 'flokë_bore', 'h2o', 'numri_atomik_1', 'numri_atomik_8', 'h', 'o']","""borë"" është për ""hidrogjen"" ashtu si ""borë"" për "
137,AL,omëletë,vezë,plazh,"['rërë', 'silikon', 'shkëmbinj', 'guralecë', 'numri_atomik.14', 'si']","""omëletë"" është për ""vezë"" ashtu si ""plazh"" për "
138,AL,borë,akull,qindarkë,"['metal', 'aliazh', 'bronz', 'nikel', 'zink', 'bakër', 'teneqe']","""borë"" është për ""akull"" ashtu si ""qindarkë"" për "
139,AL,atmosferë,gaz,mur,"['çimento', 'tulla', 'gurë', 'shkëmbinj', 'dru', 'karton', 'dërrasë', 'dërrasë/parket', 'argjilë', 'baltë']","""atmosferë"" është për ""gaz"" ashtu si ""mur"" për "
140,AL,karamele,melasë,para,"['letër', 'metal', 'argjend', 'flori', 'hekur', 'bakër', 'teneqe']","""karamele"" është për ""melasë"" ashtu si ""para"" për "
141,AL,shishe,plastike,lugë,"['alumin', 'dru', 'çelik']","""shishe"" është për ""plastike"" ashtu si ""lugë"" për "
142,AL,akull,oksigjen,akull,"['ujë', 'oksigjen', 'hidrogjen', 'h2o', 'numri_atomik_1', 'numri_atomik_8', 'h', 'o']","""akull"" është për ""oksigjen"" ashtu si ""akull"" për "
143,AL,çantë,lëkure,akull,"['ujë', 'oksigjen', 'hidrogjen', 'h2o', 'numri_atomik_1', 'numri_atomik_8', 'h', 'o']","""çantë"" është për ""lëkure"" ashtu si ""akull"" për "
144,AL,çati,metal,tas,"['qelqi', 'porcelani', 'alumini', 'druri', 'çeliku', 'plastik', 'argjili']","""çati"" është për ""metal"" ashtu si ""tas"" për "
145,AL,tavolinë,metal,dorezë_dere,"['metal', 'çelik', 'bronz', 'dru']","""tavolinë"" është për ""metal"" ashtu si ""dorezë_dere"" për "
146,AL,plastikë,gaz,plazh,"['rërë', 'silikon', 'shkëmbinj', 'guralecë', 'numri_atomik.14', 'si']","""plastikë"" është për ""gaz"" ashtu si ""plazh"" për "
147,AL,çelik,karbon,çokollatë,"['kakao', 'kokërr', 'kokërr_kakao']","""çelik"" është për ""karbon"" ashtu si ""çokollatë"" për "
148,AL,shtëpi,tulla,beton,"['silikon', 'çimento', 'ujë', 'rërë', 'numri_atomik_14', 'si']","""shtëpi"" është për ""tulla"" ashtu si ""beton"" për "
149,AL,shtëpi,argjilë,atmosferë,"['gaz', 'oksigjen', 'hidrogjen', 'nitrogjen', 'ozon']","""shtëpi"" është për ""argjilë"" ashtu si ""atmosferë"" për "
150,BM,patisri,sɛfan,buru,"['mugu', 'fununnan']","""patisri"" is to ""sɛfan"" as ""buru"" is to "
151,BM,tabali,nɛgɛ,jikuruba,"['glasi', 'ji']","""tabali"" is to ""nɛgɛ"" as ""jikuruba"" is to "
152,BM,da_sɔgɔlen,yiri,wari,"['papiye', 'nɛgɛ', 'warijɛ', 'sanu', 'dɛn']","""da_sɔgɔlen"" is to ""yiri"" as ""wari"" is to "
153,BM,warijɛ,dɛn,da_sɔgɔlen,"['nɛgɛ', 'sira', 'yiri']","""warijɛ"" is to ""dɛn"" as ""da_sɔgɔlen"" is to "
154,BM,bɛtɔn,cɛncɛn,sokola,"['kakawo', 'sɔ']","""bɛtɔn"" is to ""cɛncɛn"" as ""sokola"" is to "
155,BM,bili,NO_TRANSALATION,bonbonw,"['sukaro', 'sokola', 'melasi', 'siro', 'di', 'yiriden']","""bili"" is to ""NO_TRANSALATION"" as ""bonbonw"" is to "
156,BM,kɔgɔji,ji,jikuruba,"['glasi', 'ji']","""kɔgɔji"" is to ""ji"" as ""jikuruba"" is to "
157,BM,kabanɔgɔ,sisi,kogo,"['siman', 'birikiw', 'kabakurunw', 'faraw', 'yiri', 'kartɔn_papiye', 'tabulo', 'pan', 'bɔgɔ']","""kabanɔgɔ"" is to ""sisi"" as ""kogo"" is to "
158,BM,wari,dɛn,ji,"['ɔkisizɛni', 'hidrɔzɛni', 'ji']","""wari"" is to ""dɛn"" as ""ji"" is to "
159,BM,mana,sarabon,diwɛn,"['rezɛnw', 'rezɛn']","""mana"" is to ""sarabon"" as ""diwɛn"" is to "
160,BM,sira,dɛn,jikuruba,"['glasi', 'ji']","""sira"" is to ""dɛn"" as ""jikuruba"" is to "
161,BM,bonbonsi,kunsigi,jikuruba,"['glasi', 'ji']","""bonbonsi"" is to ""kunsigi"" as ""jikuruba"" is to "
162,BM,warijɛ,nikɛri,ji,"['ɔkisizɛni', 'hidrɔzɛni', 'ji']","""warijɛ"" is to ""nikɛri"" as ""ji"" is to "
163,BM,kogo,bɔgɔ,wari,"['papiye', 'nɛgɛ', 'warijɛ', 'sanu', 'dɛn']","""kogo"" is to ""bɔgɔ"" as ""wari"" is to "
164,BM,jida,kabakurunw,tabali,"['yiri', 'nɛgɛ', 'mana']","""jida"" is to ""kabakurunw"" as ""tabali"" is to "
165,BM,bonbonw,yiriden,mana,"['tulu', 'gazi', 'sarabon']","""bonbonw"" is to ""yiriden"" as ""mana"" is to "
166,BM,nɛzi,hidrɔzɛni,nɛzi,"['ji', 'ɔkisizɛni', 'hidrɔzɛni', 'glasi,jikuru']","""nɛzi"" is to ""hidrɔzɛni"" as ""nɛzi"" is to "
167,BM,sɛfan_yiranen,sɛfanw,jida,"['cɛncɛn', 'siliyɔmu', 'farakurun', 'kabakurunw']","""sɛfan_yiranen"" is to ""sɛfanw"" as ""jida"" is to "
168,BM,nɛzi,"glasi,jikuru",warijɛ,"['nɛgɛ', 'nɛgɛkurun', 'sira', 'nikɛri', 'dɛn']","""nɛzi"" is to ""glasi,jikuru"" as ""warijɛ"" is to "
169,BM,fiɲɛbɔyɔrɔ,gazi,kogo,"['siman', 'birikiw', 'kabakurunw', 'faraw', 'yiri', 'kartɔn_papiye', 'tabulo', 'pan', 'bɔgɔ']","""fiɲɛbɔyɔrɔ"" is to ""gazi"" as ""kogo"" is to "
170,BM,bonbonw,melasi,wari,"['papiye', 'nɛgɛ', 'warijɛ', 'sanu', 'dɛn']","""bonbonw"" is to ""melasi"" as ""wari"" is to "
171,BM,buteli,manan,kuyɛri,"['fukan', 'yiri', 'nɛgɛ']","""buteli"" is to ""manan"" as ""kuyɛri"" is to "
172,BM,glasi,ɔkisizɛni,glasi,"['ji', 'ɔkisizɛni', 'hidrɔzɛni']","""glasi"" is to ""ɔkisizɛni"" as ""glasi"" is to "
173,BM,saki,golo,glasi,"['ji', 'ɔkisizɛni', 'hidrɔzɛni']","""saki"" is to ""golo"" as ""glasi"" is to "
174,BM,bili,nɛgɛ,tasa,"['wɛɛrɛ', 'bɔgɔni', 'funka', 'yiri', 'nɛgɛ', 'manan', 'bɔgɔ']","""bili"" is to ""nɛgɛ"" as ""tasa"" is to "
175,BM,tabali,nɛgɛ,da_sɔgɔlen,"['nɛgɛ', 'sira', 'yiri']","""tabali"" is to ""nɛgɛ"" as ""da_sɔgɔlen"" is to "
176,BM,mana,gazi,jida,"['cɛncɛn', 'siliyɔmu', 'farakurun', 'kabakurunw']","""mana"" is to ""gazi"" as ""jida"" is to "
177,BM,nɛgɛ,sarabon,sokola,"['kakawo', 'sɔ']","""nɛgɛ"" is to ""sarabon"" as ""sokola"" is to "
178,BM,so,birikiw,bɛtɔn,"['siman', 'ji', 'cɛncɛn']","""so"" is to ""birikiw"" as ""bɛtɔn"" is to "
179,BM,so,bɔgɔ,fiɲɛbɔyɔrɔ,"['gazi', 'ɔkisizɛni', 'hidrɔzɛni', 'ozɔni']","""so"" is to ""bɔgɔ"" as ""fiɲɛbɔyɔrɔ"" is to "
180,MK,тестенини,јајце,леб,"['брашно', 'квасец']","Односот меѓу зборовите ""тестенини"" и ""јајце"" е еднаков со односот меѓу зборовите ""леб"" и "
181,MK,маса,метал,мразулец,"['мраз', 'вода']","Односот меѓу зборовите ""маса"" и ""метал"" е еднаков со односот меѓу зборовите ""мразулец"" и "
182,MK,квака,дрво,пари,"['хартија', 'метал', 'сребро', 'злато', 'железо', 'бакар', 'калај']","Односот меѓу зборовите ""квака"" и ""дрво"" е еднаков со односот меѓу зборовите ""пари"" и "
183,MK,пени,бакар,квака,"['метал', 'челик', 'бронза', 'дрво']","Односот меѓу зборовите ""пени"" и ""бакар"" е еднаков со односот меѓу зборовите ""квака"" и "
184,MK,бетон,песок,чоколадо,"['какао', 'грав', 'какао', 'зрно_какао', 'зрно_какао']","Односот меѓу зборовите ""бетон"" и ""песок"" е еднаков со односот меѓу зборовите ""чоколадо"" и "
185,MK,кров,шиндра,бонбона,"['шеќер', 'нугат', 'чоколадо', 'желатин', 'меласа', 'сируп', 'мед', 'овошје', 'јаткасти_плодови']","Односот меѓу зборовите ""кров"" и ""шиндра"" е еднаков со односот меѓу зборовите ""бонбона"" и "
186,MK,море,вода,мразулец,"['мраз', 'вода']","Односот меѓу зборовите ""море"" и ""вода"" е еднаков со односот меѓу зборовите ""мразулец"" и "
187,MK,облак,пареа,ѕид,"['цемент', 'цигли', 'камења', 'карпи', 'дрво', 'картон', 'штица', 'талпа', 'глина', 'лак']","Односот меѓу зборовите ""облак"" и ""пареа"" е еднаков со односот меѓу зборовите ""ѕид"" и "
188,MK,пари,бакар,вода,"['кислород', 'водород', 'H2O', 'атомски_број_1', 'атомски_број_8', 'H ', 'O', 'перика']","Односот меѓу зборовите ""пари"" и ""бакар"" е еднаков со односот меѓу зборовите ""вода"" и "
189,MK,пластика,ќумур,грозје,"['грозд', 'жица']","Односот меѓу зборовите ""пластика"" и ""ќумур"" е еднаков со односот меѓу зборовите ""грозје"" и "
190,MK,бронза,бакар,мразулец,"['мраз', 'вода']","Односот меѓу зборовите ""бронза"" и ""бакар"" е еднаков со односот меѓу зборовите ""мразулец"" и "
191,MK,брада,коса,мразулец,"['мраз', 'вода']","Односот меѓу зборовите ""брада"" и ""коса"" е еднаков со односот меѓу зборовите ""мразулец"" и "
192,MK,пени,никел,вода,"['кислород', 'водород', 'H2O', 'атомски_број_1', 'атомски_број_8', 'H ', 'O', 'перика']","Односот меѓу зборовите ""пени"" и ""никел"" е еднаков со односот меѓу зборовите ""вода"" и "
193,MK,ѕид,глина,пари,"['хартија', 'метал', 'сребро', 'злато', 'железо', 'бакар', 'калај']","Односот меѓу зборовите ""ѕид"" и ""глина"" е еднаков со односот меѓу зборовите ""пари"" и "
194,MK,плажа,чакал,маса,"['дрво', 'метал', 'пластика']","Односот меѓу зборовите ""плажа"" и ""чакал"" е еднаков со односот меѓу зборовите ""маса"" и "
195,MK,бонбона,овошје,пластика,"['полимер', 'масло', 'гас', 'ќумур']","Односот меѓу зборовите ""бонбона"" и ""овошје"" е еднаков со односот меѓу зборовите ""пластика"" и "
196,MK,снег,водород,снег,"['вода', 'кислород', 'водород', 'снегулка', 'мраз', 'снегулки', 'H2O', 'атосмки_бројj_1', 'атомски_бројj_8', 'H ', 'O']","Односот меѓу зборовите ""снег"" и ""водород"" е еднаков со односот меѓу зборовите ""снег"" и "
197,MK,омлет,јајца,плажа,"['песок', 'силициум', 'карпи', 'чакал', 'атомски_бројj_14', 'Si ']","Односот меѓу зборовите ""омлет"" и ""јајца"" е еднаков со односот меѓу зборовите ""плажа"" и "
198,MK,снег,мраз,пени,"['метал', 'легура', 'бронза', 'никел', 'цинк', 'бакар', 'калај']","Односот меѓу зборовите ""снег"" и ""мраз"" е еднаков со односот меѓу зборовите ""пени"" и "
199,MK,атмосфера,гас,ѕид,"['цемент', 'цигли', 'камења', 'карпи', 'дрво', 'картон', 'штица', 'талпа', 'глина', 'лак']","Односот меѓу зборовите ""атмосфера"" и ""гас"" е еднаков со односот меѓу зборовите ""ѕид"" и "
200,MK,бонбона,меласа,пари,"['хартија', 'метал', 'сребро', 'злато', 'железо', 'бакар', 'калај']","Односот меѓу зборовите ""бонбона"" и ""меласа"" е еднаков со односот меѓу зборовите ""пари"" и "
201,MK,шише,пластика,лажица,"['алуминиум', 'дрво', 'челик']","Односот меѓу зборовите ""шише"" и ""пластика"" е еднаков со односот меѓу зборовите ""лажица"" и "
202,MK,мраз,кислород,мраз,"['вода', 'кислород', 'водород', 'H2O', 'атомски_број_1', 'атомски_бројj_8', 'H ', 'O']","Односот меѓу зборовите ""мраз"" и ""кислород"" е еднаков со односот меѓу зборовите ""мраз"" и "
203,MK,торба,кожа,мраз,"['вода', 'кислород', 'водород', 'H2O', 'атомски_број_1', 'атомски_бројj_8', 'H ', 'O']","Односот меѓу зборовите ""торба"" и ""кожа"" е еднаков со односот меѓу зборовите ""мраз"" и "
204,MK,кров,метал,вангла,"['стакло', 'порцелан', 'алуминиум', 'дрво', 'челик', 'пластика', 'глина']","Односот меѓу зборовите ""кров"" и ""метал"" е еднаков со односот меѓу зборовите ""вангла"" и "
205,MK,биро,метал,квака,"['метал', 'челик', 'бронза', 'дрво']","Односот меѓу зборовите ""биро"" и ""метал"" е еднаков со односот меѓу зборовите ""квака"" и "
206,MK,пластика,гас,плажа,"['песок', 'силициум', 'карпи', 'чакал', 'атомски_бројj_14', 'Si ']","Односот меѓу зборовите ""пластика"" и ""гас"" е еднаков со односот меѓу зборовите ""плажа"" и "
207,MK,челик,јаглерод,чоколадо,"['какао', 'грав', 'какао', 'зрно_какао', 'зрно_какао']","Односот меѓу зборовите ""челик"" и ""јаглерод"" е еднаков со односот меѓу зборовите ""чоколадо"" и "
208,MK,куќа,цигли,бетон,"['силициум', 'цемент', 'вода', 'песок', 'атомски_броj_14', 'Si ']","Односот меѓу зборовите ""куќа"" и ""цигли"" е еднаков со односот меѓу зборовите ""бетон"" и "
209,MK,куќа,глина,атмосфера,"['гас', 'кислород', 'водород', 'азот', 'озон']","Односот меѓу зборовите ""куќа"" и ""глина"" е еднаков со односот меѓу зборовите ""атмосфера"" и "
210,EL,ζύμη,αυγό,ψωμί,"['αλεύρι', 'μαγιά']","το ""ζύμη"" είναι προς το ""αυγό"" ό,τι το ""ψωμί"" προς το "
211,EL,τραπέζι,μέταλλο,παγάκι,"['πάγος', 'νερό']","το ""τραπέζι"" είναι προς το ""μέταλλο"" ό,τι το ""παγάκι"" προς το "
212,EL,πόμολο,ξύλο,χρήμα,"['χαρτί', 'μέταλο', 'ασήμι', 'χρυσός', 'σίδηρος', 'χαλκός', 'κασσίτερος']","το ""πόμολο"" είναι προς το ""ξύλο"" ό,τι το ""χρήμα"" προς το "
213,EL,πένα,χαλκός,πόμολο,"['μέταλο', 'ατσάλι', 'μπρούντζος', 'ξύλο']","το ""πένα"" είναι προς το ""χαλκός"" ό,τι το ""πόμολο"" προς το "
214,EL,μπετόν,άμμος,σοκολάτα,"['κακάο', 'σπόρος', 'σπόρος_κακάο']","το ""μπετόν"" είναι προς το ""άμμος"" ό,τι το ""σοκολάτα"" προς το "
215,EL,οροφή,πλάκα,καραμέλα,"['ζάχαρη', 'αμυγδαλωτό', 'σοκολάτα', 'ζελατίνη', 'μελάσσα', 'σιρόπι', 'μέλι', 'φρούτο', 'ξηρός_καρπός']","το ""οροφή"" είναι προς το ""πλάκα"" ό,τι το ""καραμέλα"" προς το "
216,EL,θάλασσα,νερό,παγάκι,"['πάγος', 'νερό']","το ""θάλασσα"" είναι προς το ""νερό"" ό,τι το ""παγάκι"" προς το "
217,EL,σύννεφο,ατμός,τοίχος,"['τσιμέντο', 'τούβλο', 'πέτρα', 'βράχος', 'ξύλο', 'χαρτόνι', 'σανίδα', 'μαδέρι', 'πήλος', 'λάσπη', 'τάβλα,σανίδι']","το ""σύννεφο"" είναι προς το ""ατμός"" ό,τι το ""τοίχος"" προς το "
218,EL,χρήμα,χαλκός,νερό,"['οξυγόνο', 'υδρογόνο', 'νερό', 'h2o', 'ατομικός_αριθμός_1', 'ατομικός_αριθμός_8', 'h', 'o']","το ""χρήμα"" είναι προς το ""χαλκός"" ό,τι το ""νερό"" προς το "
219,EL,πλαστικό,άνθρακας,κρασί,"['σταφύλια', 'σταφύλι']","το ""πλαστικό"" είναι προς το ""άνθρακας"" ό,τι το ""κρασί"" προς το "
220,EL,μπρούντζος,χαλκός,παγάκι,"['πάγος', 'νερό']","το ""μπρούντζος"" είναι προς το ""χαλκός"" ό,τι το ""παγάκι"" προς το "
221,EL,γενειάδα,τρίχα,παγάκι,"['πάγος', 'νερό']","το ""γενειάδα"" είναι προς το ""τρίχα"" ό,τι το ""παγάκι"" προς το "
222,EL,πένα,νικέλιο,νερό,"['οξυγόνο', 'υδρογόνο', 'νερό', 'h2o', 'ατομικός_αριθμός_1', 'ατομικός_αριθμός_8', 'h', 'o']","το ""πένα"" είναι προς το ""νικέλιο"" ό,τι το ""νερό"" προς το "
223,EL,τοίχος,πήλος,χρήμα,"['χαρτί', 'μέταλο', 'ασήμι', 'χρυσός', 'σίδηρος', 'χαλκός', 'κασσίτερος']","το ""τοίχος"" είναι προς το ""πήλος"" ό,τι το ""χρήμα"" προς το "
224,EL,παραλία,βότσαλο,τραπέζι,"['ξύλο', 'μέταλλο', 'πλαστικό']","το ""παραλία"" είναι προς το ""βότσαλο"" ό,τι το ""τραπέζι"" προς το "
225,EL,καραμέλα,φρούτο,πλαστικό,"['πολυμερές', 'πετρέλαιο', 'βενζίνη', 'άνθρακας', 'κάρβουνο']","το ""καραμέλα"" είναι προς το ""φρούτο"" ό,τι το ""πλαστικό"" προς το "
226,EL,χιόνι,υδρογόνο,χιόνι,"['νερό', 'οξυγόνο', 'υδρογόνο', 'νιφάδα', 'πάγος', 'νιφάδα_χιονιού', 'νιφάδες_χιονιού', 'h2o', 'ατομικός_αριθμός_1', 'ατομικός_αριθμός_8', 'h', 'o']","το ""χιόνι"" είναι προς το ""υδρογόνο"" ό,τι το ""χιόνι"" προς το "
227,EL,ομελέτα,αυγά,παραλία,"['άμμος', 'πυρίτιο', 'βράχος', 'βότσαλο', 'ατομικός_αριθμός_14', 'si']","το ""ομελέτα"" είναι προς το ""αυγά"" ό,τι το ""παραλία"" προς το "
228,EL,χιόνι,πάγος,πένα,"['μέταλο', 'κράμα', 'μπρούντζος', 'νικέλιο', 'ψευδάργυρος', 'χαλκός', 'κασσίτερος', 'τσίγκος']","το ""χιόνι"" είναι προς το ""πάγος"" ό,τι το ""πένα"" προς το "
229,EL,ατμόσφαιρα,διοξείδιο,τοίχος,"['τσιμέντο', 'τούβλο', 'πέτρα', 'βράχος', 'ξύλο', 'χαρτόνι', 'σανίδα', 'μαδέρι', 'πήλος', 'λάσπη', 'τάβλα,σανίδι']","το ""ατμόσφαιρα"" είναι προς το ""διοξείδιο"" ό,τι το ""τοίχος"" προς το "
230,EL,καραμέλα,μελάσσα,χρήμα,"['χαρτί', 'μέταλο', 'ασήμι', 'χρυσός', 'σίδηρος', 'χαλκός', 'κασσίτερος']","το ""καραμέλα"" είναι προς το ""μελάσσα"" ό,τι το ""χρήμα"" προς το "
231,EL,μπουκάλι,πλαστικό,κουτάλι,"['αλουμίνιο', 'ξύλο', 'ατσάλι']","το ""μπουκάλι"" είναι προς το ""πλαστικό"" ό,τι το ""κουτάλι"" προς το "
232,EL,παγός,οξυγόνο,παγός,"['νερό', 'οξυγόνο', 'υδρογόνο', 'h2o', 'ατομικός_αριθμός_1', 'ατομικός_αριθμός_8', 'h', 'o']","το ""παγός"" είναι προς το ""οξυγόνο"" ό,τι το ""παγός"" προς το "
233,EL,τσάντα,δέρμα,παγός,"['νερό', 'οξυγόνο', 'υδρογόνο', 'h2o', 'ατομικός_αριθμός_1', 'ατομικός_αριθμός_8', 'h', 'o']","το ""τσάντα"" είναι προς το ""δέρμα"" ό,τι το ""παγός"" προς το "
234,EL,οροφή,μέταλο,μπολ,"['γυαλί', 'πορσελάνη', 'αλουμίνιο', 'ξύλο', 'μέταλο', 'πλαστικό', 'πηλός']","το ""οροφή"" είναι προς το ""μέταλο"" ό,τι το ""μπολ"" προς το "
235,EL,γραφείο,μέταλο,πόμολο,"['μέταλο', 'ατσάλι', 'μπρούντζος', 'ξύλο']","το ""γραφείο"" είναι προς το ""μέταλο"" ό,τι το ""πόμολο"" προς το "
236,EL,πλαστικό,βενζίνη,παραλία,"['άμμος', 'πυρίτιο', 'βράχος', 'βότσαλο', 'ατομικός_αριθμός_14', 'si']","το ""πλαστικό"" είναι προς το ""βενζίνη"" ό,τι το ""παραλία"" προς το "
237,EL,ατσάλι,άνθρακος,σοκολάτα,"['κακάο', 'σπόρος', 'σπόρος_κακάο']","το ""ατσάλι"" είναι προς το ""άνθρακος"" ό,τι το ""σοκολάτα"" προς το "
238,EL,σπίτι,τούβλο,μπετόν,"['πυρίτιο', 'τσιμέντο', 'νερό', 'άμμος', 'ατομικός_αριθμός_14', 'si']","το ""σπίτι"" είναι προς το ""τούβλο"" ό,τι το ""μπετόν"" προς το "
239,EL,σπίτι,πηλός,ατμόσφαιρα,"['διοξείδιο', 'οξυγόνο', 'υδρογόνο', 'νιτρογόνο', 'όζον']","το ""σπίτι"" είναι προς το ""πηλός"" ό,τι το ""ατμόσφαιρα"" προς το "
240,IT,impasto,uovo,pane,"['farina', 'lievito']","""impasto"" sta a ""uovo"" come ""pane"" sta a  "
241,IT,tavolo,metallo,ghiacciolo,"['ghiaccio', 'acqua']","""tavolo"" sta a ""metallo"" come ""ghiacciolo"" sta a  "
242,IT,pomello,legno,denaro,"['carta', 'metallo', 'argento', 'oro', 'ferro', 'rame', 'lattina']","""pomello"" sta a ""legno"" come ""denaro"" sta a  "
243,IT,penny,rame,pomello,"['metallo', 'acciaio', 'bronzo', 'legno']","""penny"" sta a ""rame"" come ""pomello"" sta a  "
244,IT,calcestruzzo,sabbia,cioccolato,"['cacao', 'chicco', 'chicco_di_cacao']","""calcestruzzo"" sta a ""sabbia"" come ""cioccolato"" sta a  "
245,IT,tetto,ghiaia,caramella,"['zucchero', 'torrone', 'cioccolato', 'gelatina', 'melassa', 'sciroppo', 'miele', 'frutta', 'noci']","""tetto"" sta a ""ghiaia"" come ""caramella"" sta a  "
246,IT,mare,acqua,ghiacciolo,"['ghiaccio', 'acqua']","""mare"" sta a ""acqua"" come ""ghiacciolo"" sta a  "
247,IT,nuvola,vapore,muro,"['cemento', 'mattoni', 'pietre', 'rocce', 'legno', 'cartone', 'tabellone', 'asse', 'argilla', 'fango']","""nuvola"" sta a ""vapore"" come ""muro"" sta a  "
248,IT,denaro,rame,acqua,"['ossigeno', 'idrogeno', 'acqua', 'H2O', 'numero_atomico_1', 'numero_atomico_8', 'H', 'O']","""denaro"" sta a ""rame"" come ""acqua"" sta a  "
249,IT,plastica,carbone,vino,"['grappoli_di_uva', 'chicco_di_uva']","""plastica"" sta a ""carbone"" come ""vino"" sta a  "
250,IT,bronzo,rame,ghiacciolo,"['ghiaccio', 'acqua']","""bronzo"" sta a ""rame"" come ""ghiacciolo"" sta a  "
251,IT,barba,peli,ghiacciolo,"['ghiaccio', 'acqua']","""barba"" sta a ""peli"" come ""ghiacciolo"" sta a  "
252,IT,penny,nichel,acqua,"['ossigeno', 'idrogeno', 'acqua', 'H2O', 'numero_atomico_1', 'numero_atomico_8', 'H', 'O']","""penny"" sta a ""nichel"" come ""acqua"" sta a  "
253,IT,muro,argilla,denaro,"['carta', 'metallo', 'argento', 'oro', 'ferro', 'rame', 'lattina']","""muro"" sta a ""argilla"" come ""denaro"" sta a  "
254,IT,spiaggia,ciottoli,tavolo,"['legno', 'metallo', 'plastica']","""spiaggia"" sta a ""ciottoli"" come ""tavolo"" sta a  "
255,IT,caramella,frutta,plastica,"['polimero', 'petrolio', 'gas', 'carbone']","""caramella"" sta a ""frutta"" come ""plastica"" sta a  "
256,IT,neve,idrogeno,neve,"['acqua', 'ossigeno', 'idrogeno', 'fiocco', 'ghiaccio', 'fiocco_di_neve', 'fiocchi_di_neve', 'H2O', 'numero_atomico_1', 'numero_atomico_8', 'H', 'O']","""neve"" sta a ""idrogeno"" come ""neve"" sta a  "
257,IT,omelette,uova,spiaggia,"['sabbia', 'silicio', 'rocce', 'ciottoli', 'numero_atomico_14', 'Si']","""omelette"" sta a ""uova"" come ""spiaggia"" sta a  "
258,IT,neve,ghiaccio,penny,"['metallo', 'lega', 'bronzo', 'nichel', 'zinco', 'rame', 'lattina']","""neve"" sta a ""ghiaccio"" come ""penny"" sta a  "
259,IT,atmosfera,gas,muro,"['cemento', 'mattoni', 'pietre', 'rocce', 'legno', 'cartone', 'tabellone', 'asse', 'argilla', 'fango']","""atmosfera"" sta a ""gas"" come ""muro"" sta a  "
260,IT,caramella,melassa,denaro,"['carta', 'metallo', 'argento', 'oro', 'ferro', 'rame', 'lattina']","""caramella"" sta a ""melassa"" come ""denaro"" sta a  "
261,IT,bottiglia,plastica,cucchiaio,"['alluminio', 'legno', 'acciaio']","""bottiglia"" sta a ""plastica"" come ""cucchiaio"" sta a  "
262,IT,ghiaccio,ossigeno,ghiaccio,"['acqua', 'ossigeno', 'idrogeno', 'H2O', 'numero_atomico_1', 'numero_atomico_8', 'H', 'O']","""ghiaccio"" sta a ""ossigeno"" come ""ghiaccio"" sta a  "
263,IT,borsa,pelle,ghiaccio,"['acqua', 'ossigeno', 'idrogeno', 'H2O', 'numero_atomico_1', 'numero_atomico_8', 'H', 'O']","""borsa"" sta a ""pelle"" come ""ghiaccio"" sta a  "
264,IT,tetto,metallo,ciotola,"['vetro', 'porcellana', 'alluminio', 'legno', 'acciaio', 'plastica', 'argilla']","""tetto"" sta a ""metallo"" come ""ciotola"" sta a  "
265,IT,scrivania,metallo,pomello,"['metallo', 'acciaio', 'bronzo', 'legno']","""scrivania"" sta a ""metallo"" come ""pomello"" sta a  "
266,IT,plastica,gas,spiaggia,"['sabbia', 'silicio', 'rocce', 'ciottoli', 'numero_atomico_14', 'Si']","""plastica"" sta a ""gas"" come ""spiaggia"" sta a  "
267,IT,acciaio,carbonio,cioccolato,"['cacao', 'chicco', 'chicco_di_cacao']","""acciaio"" sta a ""carbonio"" come ""cioccolato"" sta a  "
268,IT,casa,mattoni,calcestruzzo,"['silicio', 'cemento', 'acqua', 'sabbia', 'numero_atomico_14', 'Si']","""casa"" sta a ""mattoni"" come ""calcestruzzo"" sta a  "
269,IT,casa,argilla,atmosfera,"['gas', 'ossigeno', 'idrogeno', 'azoto', 'ozono']","""casa"" sta a ""argilla"" come ""atmosfera"" sta a  "
270,RO,patiserie,ou,pâine,"['făină', 'drojdie']","""patiserie"" este pentru ""ou"" cum ""pâine"" este pentru "
271,RO,masă,metal,sloi_de_gheață,"['gheață', 'apă']","""masă"" este pentru ""metal"" cum ""sloi_de_gheață"" este pentru "
272,RO,clanță,lemn,bani,"['hârtie', 'metal', 'argint', 'aur', 'fier', 'cupru', 'staniu']","""clanță"" este pentru ""lemn"" cum ""bani"" este pentru "
273,RO,bănuț,cupru,clanță,"['metal', 'oțel', 'bronz', 'lemn']","""bănuț"" este pentru ""cupru"" cum ""clanță"" este pentru "
274,RO,beton,nisip,ciocolată,"['cacao', 'bob', 'bob_de_cacao']","""beton"" este pentru ""nisip"" cum ""ciocolată"" este pentru "
275,RO,acoperiș,zona_zoster,bomboană,"['zahăr', 'nuga', 'ciocolată', 'gelatină', 'melasă', 'sirop', 'miere', 'fruct', 'nuci']","""acoperiș"" este pentru ""zona_zoster"" cum ""bomboană"" este pentru "
276,RO,mare,apă,sloi_de_gheață,"['gheață', 'apă']","""mare"" este pentru ""apă"" cum ""sloi_de_gheață"" este pentru "
277,RO,nor,abur,zid,"['ciment', 'cărămizi', 'pietre', 'stânci', 'lemn', 'carton', 'scândură', 'blană', 'clei', 'noroi']","""nor"" este pentru ""abur"" cum ""zid"" este pentru "
278,RO,bani,cupru,apă,"['oxigen', 'hidrogen', 'h2o', 'număr_atoc_1', 'număr_atoc_8', 'h', 'o']","""bani"" este pentru ""cupru"" cum ""apă"" este pentru "
279,RO,plastic,cărbune,vin,"['struguri', 'strugure']","""plastic"" este pentru ""cărbune"" cum ""vin"" este pentru "
280,RO,bronz,cupru,sloi_de_gheață,"['gheață', 'apă']","""bronz"" este pentru ""cupru"" cum ""sloi_de_gheață"" este pentru "
281,RO,barbă,păr,sloi_de_gheață,"['gheață', 'apă']","""barbă"" este pentru ""păr"" cum ""sloi_de_gheață"" este pentru "
282,RO,bănuț,nichel,apă,"['oxigen', 'hidrogen', 'h2o', 'număr_atoc_1', 'număr_atoc_8', 'h', 'o']","""bănuț"" este pentru ""nichel"" cum ""apă"" este pentru "
283,RO,zid,clei,bani,"['hârtie', 'metal', 'argint', 'aur', 'fier', 'cupru', 'staniu']","""zid"" este pentru ""clei"" cum ""bani"" este pentru "
284,RO,plajă,pietricele,masă,"['lemn', 'metal', 'plastic']","""plajă"" este pentru ""pietricele"" cum ""masă"" este pentru "
285,RO,bomboană,fruct,plastic,"['polimer', 'petrol', 'gaz', 'cărbune']","""bomboană"" este pentru ""fruct"" cum ""plastic"" este pentru "
286,RO,zăpadă,hidrogen,zăpadă,"['apă', 'oxigen', 'hidrogen', 'fulg', 'gheată', 'fulg_de_nea', 'fulgi_de_nea', 'h2o', 'număr_atomic_1', 'număr_atomic_8', 'h', 'o']","""zăpadă"" este pentru ""hidrogen"" cum ""zăpadă"" este pentru "
287,RO,ompletă,ouă,plajă,"['nisip', 'silicon', 'stânci', 'pietricele', 'număr_atomic_14', 'SI']","""ompletă"" este pentru ""ouă"" cum ""plajă"" este pentru "
288,RO,zăpadă,gheată,bănuț,"['metal', 'aloe', 'bronz', 'nichel', 'zinc', 'cupru', 'cositor']","""zăpadă"" este pentru ""gheată"" cum ""bănuț"" este pentru "
289,RO,atmosfera,gaz,zid,"['ciment', 'cărămizi', 'pietre', 'stânci', 'lemn', 'carton', 'scândură', 'blană', 'clei', 'noroi']","""atmosfera"" este pentru ""gaz"" cum ""zid"" este pentru "
290,RO,bomboană,melasă,bani,"['hârtie', 'metal', 'argint', 'aur', 'fier', 'cupru', 'staniu']","""bomboană"" este pentru ""melasă"" cum ""bani"" este pentru "
291,RO,sticla,plastic,lingură,"['aluminiu', 'lemn', 'oțel']","""sticla"" este pentru ""plastic"" cum ""lingură"" este pentru "
292,RO,gheață,oxigen,gheață,"['apă', 'oxigen', 'hidrogen', 'h2o', 'număr_atomic_1', 'număr_atomic_8', 'h', 'o']","""gheață"" este pentru ""oxigen"" cum ""gheață"" este pentru "
293,RO,sacoșă,piele,gheață,"['apă', 'oxigen', 'hidrogen', 'h2o', 'număr_atomic_1', 'număr_atomic_8', 'h', 'o']","""sacoșă"" este pentru ""piele"" cum ""gheață"" este pentru "
294,RO,acoperiș,metal,castron,"['sticlă', 'porțelan', 'aluminiu', 'lemn', 'oțel', 'plastic', 'lut']","""acoperiș"" este pentru ""metal"" cum ""castron"" este pentru "
295,RO,birou,metal,clanță,"['metal', 'oțel', 'bronz', 'lemn']","""birou"" este pentru ""metal"" cum ""clanță"" este pentru "
296,RO,plastic,gaz,plajă,"['nisip', 'silicon', 'stânci', 'pietricele', 'număr_atomic_14', 'SI']","""plastic"" este pentru ""gaz"" cum ""plajă"" este pentru "
297,RO,oțel,carbon,ciocolată,"['cacao', 'bob', 'bob_de_cacao']","""oțel"" este pentru ""carbon"" cum ""ciocolată"" este pentru "
298,RO,casă,cărămizi,beton,"['silicon', 'ciment', 'apă', 'nisip', 'număr_atomic_14', 'Si']","""casă"" este pentru ""cărămizi"" cum ""beton"" este pentru "
299,RO,casă,clei,atmosfera,"['gaz', 'oxigen', 'hidrogen', 'azot', 'ozon']","""casă"" este pentru ""clei"" cum ""atmosfera"" este pentru "
300,PT,bolo,ovo,pão,"['farinha', 'fermento']","""bolo"" está para ""ovo"" assim como ""pão"" está para "
301,PT,mesa,metal,pingente_de_gelo,"['gelo', 'água']","""mesa"" está para ""metal"" assim como ""pingente_de_gelo"" está para "
302,PT,puxador_da_porta,madeira,dinheiro,"['papel', 'metal', 'prata', 'ouro', 'ferro', 'cobre', 'estanho']","""puxador_da_porta"" está para ""madeira"" assim como ""dinheiro"" está para "
303,PT,moeda,cobre,puxador_da_porta,"['metal', 'aço', 'bronze', 'madeira']","""moeda"" está para ""cobre"" assim como ""puxador_da_porta"" está para "
304,PT,betão,areia,chocolate,"['cacau', 'grão', 'grão_de_cacau']","""betão"" está para ""areia"" assim como ""chocolate"" está para "
305,PT,telhado,telhas_de_madeira,guloseima,"['açúcar', 'nogado', 'chocolate', 'gelatina', 'melaço', 'xarope', 'mel', 'fruta', 'frutos_de_casca_rija,_noz,_avelã,_amêndoa,_castanha']","""telhado"" está para ""telhas_de_madeira"" assim como ""guloseima"" está para "
306,PT,mar,água,pingente_de_gelo,"['gelo', 'água']","""mar"" está para ""água"" assim como ""pingente_de_gelo"" está para "
307,PT,nuvem,vapor,parede,"['cimento', 'tijolos', 'pedras', 'rochas', 'madeira', 'papelão', 'cartão', 'tábua_grossa', 'argila', 'lama']","""nuvem"" está para ""vapor"" assim como ""parede"" está para "
308,PT,dinheiro,cobre,água,"['oxigénio', 'hidrogénio', 'água', 'H2O', 'número_atómico_1', 'número_atómico_8', 'H', 'O']","""dinheiro"" está para ""cobre"" assim como ""água"" está para "
309,PT,plástico,carvão,vinho,"['uvas', 'uva']","""plástico"" está para ""carvão"" assim como ""vinho"" está para "
310,PT,bronze,cobre,pingente_de_gelo,"['gelo', 'água']","""bronze"" está para ""cobre"" assim como ""pingente_de_gelo"" está para "
311,PT,barba,pelo,pingente_de_gelo,"['gelo', 'água']","""barba"" está para ""pelo"" assim como ""pingente_de_gelo"" está para "
312,PT,moeda,níquel,água,"['oxigénio', 'hidrogénio', 'água', 'H2O', 'número_atómico_1', 'número_atómico_8', 'H', 'O']","""moeda"" está para ""níquel"" assim como ""água"" está para "
313,PT,parede,argila,dinheiro,"['papel', 'metal', 'prata', 'ouro', 'ferro', 'cobre', 'estanho']","""parede"" está para ""argila"" assim como ""dinheiro"" está para "
314,PT,praia,seixos,mesa,"['madeira', 'metal', 'plástico']","""praia"" está para ""seixos"" assim como ""mesa"" está para "
315,PT,guloseima,fruta,plástico,"['polímero', 'petróleo', 'gás', 'carvão']","""guloseima"" está para ""fruta"" assim como ""plástico"" está para "
316,PT,neve,hidrogénio,neve,"['água', 'oxigénio', 'hidrogénio', 'floco', 'gelo', 'floco_de_neve', 'flocos_de_neve', 'H2O', 'número_atómico_1', 'número_atómico_8', 'H', 'O']","""neve"" está para ""hidrogénio"" assim como ""neve"" está para "
317,PT,omelete,ovos,praia,"['areia', 'silício', 'rochas', 'seixos', 'número_atómico_14', 'Si']","""omelete"" está para ""ovos"" assim como ""praia"" está para "
318,PT,neve,gelo,moeda,"['metal', 'liga', 'bronze', 'níquel', 'zinco', 'cobre', 'estanho']","""neve"" está para ""gelo"" assim como ""moeda"" está para "
319,PT,atmosfera,gás,parede,"['cimento', 'tijolos', 'pedras', 'rochas', 'madeira', 'papelão', 'cartão', 'tábua_grossa', 'argila', 'lama']","""atmosfera"" está para ""gás"" assim como ""parede"" está para "
320,PT,guloseima,melaço,dinheiro,"['papel', 'metal', 'prata', 'ouro', 'ferro', 'cobre', 'estanho']","""guloseima"" está para ""melaço"" assim como ""dinheiro"" está para "
321,PT,garrafa,plástico,colher,"['alumínio', 'madeira', 'aço']","""garrafa"" está para ""plástico"" assim como ""colher"" está para "
322,PT,gelo,oxigénio,gelo,"['água', 'oxigénio', 'hidrogénio', 'H2O', 'número_atómico_1', 'número_atómico_8', 'H', 'O']","""gelo"" está para ""oxigénio"" assim como ""gelo"" está para "
323,PT,saco,couro,gelo,"['água', 'oxigénio', 'hidrogénio', 'H2O', 'número_atómico_1', 'número_atómico_8', 'H', 'O']","""saco"" está para ""couro"" assim como ""gelo"" está para "
324,PT,telhado,metal,taça,"['vidro', 'porcelana', 'alumínio', 'madeira', 'aço', 'plástico', 'argila']","""telhado"" está para ""metal"" assim como ""taça"" está para "
325,PT,secretária,metal,puxador_da_porta,"['metal', 'aço', 'bronze', 'madeira']","""secretária"" está para ""metal"" assim como ""puxador_da_porta"" está para "
326,PT,plástico,gás,praia,"['areia', 'silício', 'rochas', 'seixos', 'número_atómico_14', 'Si']","""plástico"" está para ""gás"" assim como ""praia"" está para "
327,PT,aço,carbono,chocolate,"['cacau', 'grão', 'grão_de_cacau']","""aço"" está para ""carbono"" assim como ""chocolate"" está para "
328,PT,casa,tijolos,betão,"['silício', 'cimento', 'água', 'areia', 'número_atómico_14', 'Si']","""casa"" está para ""tijolos"" assim como ""betão"" está para "
329,PT,casa,argila,atmosfera,"['gás', 'oxigénio', 'hidrogénio', 'nitrogénio', 'ozono']","""casa"" está para ""argila"" assim como ""atmosfera"" está para "
330,HR,tijesto,jaje,kruh,"['brašno', 'kvasac']","Odnos između riječi ""tijesto"" i ""jaje"" jednak je odnosu između riječi ""kruh"" i "
331,HR,stol,metal,ledena_siga,"['led', 'voda']","Odnos između riječi ""stol"" i ""metal"" jednak je odnosu između riječi ""ledena_siga"" i "
332,HR,kvaka,drvo,novac,"['papir', 'metal', 'srebro', 'zlato', 'željezo', 'bakar', 'kositar']","Odnos između riječi ""kvaka"" i ""drvo"" jednak je odnosu između riječi ""novac"" i "
333,HR,peni,bakar,kvaka,"['metal', 'čelik', 'bronca', 'drvo']","Odnos između riječi ""peni"" i ""bakar"" jednak je odnosu između riječi ""kvaka"" i "
334,HR,beton,pijesak,čokolada,"['kakao', 'grah', 'zrno_kakaovca']","Odnos između riječi ""beton"" i ""pijesak"" jednak je odnosu između riječi ""čokolada"" i "
335,HR,krov,šindra,slatkiš,"['šećer', 'nugat', 'čokolada', 'želatina', 'melasa', 'sirup', 'med', 'voće', 'orašasti_plodovi']","Odnos između riječi ""krov"" i ""šindra"" jednak je odnosu između riječi ""slatkiš"" i "
336,HR,more,voda,ledena_siga,"['led', 'voda']","Odnos između riječi ""more"" i ""voda"" jednak je odnosu između riječi ""ledena_siga"" i "
337,HR,oblak,para,zid,"['cement', 'cigle', 'kamenje', 'stijene', 'drvo', 'karton', 'ploča', 'daska', 'glina', 'blato']","Odnos između riječi ""oblak"" i ""para"" jednak je odnosu između riječi ""zid"" i "
338,HR,novac,bakar,voda,"['kisik', 'vodik', 'voda', 'H2O', 'atomski_broj_1', 'atomski_broj_8', 'H', 'O']","Odnos između riječi ""novac"" i ""bakar"" jednak je odnosu između riječi ""voda"" i "
339,HR,plastika,ugljen,vino,['grožđe'],"Odnos između riječi ""plastika"" i ""ugljen"" jednak je odnosu između riječi ""vino"" i "
340,HR,bronca,bakar,ledena_siga,"['led', 'voda']","Odnos između riječi ""bronca"" i ""bakar"" jednak je odnosu između riječi ""ledena_siga"" i "
341,HR,brada,dlaka,ledena_siga,"['led', 'voda']","Odnos između riječi ""brada"" i ""dlaka"" jednak je odnosu između riječi ""ledena_siga"" i "
342,HR,peni,nikal,voda,"['kisik', 'vodik', 'voda', 'H2O', 'atomski_broj_1', 'atomski_broj_8', 'H', 'O']","Odnos između riječi ""peni"" i ""nikal"" jednak je odnosu između riječi ""voda"" i "
343,HR,zid,glina,novac,"['papir', 'metal', 'srebro', 'zlato', 'željezo', 'bakar', 'kositar']","Odnos između riječi ""zid"" i ""glina"" jednak je odnosu između riječi ""novac"" i "
344,HR,plaža,kamenčići,stol,"['drvo', 'metal', 'plastika']","Odnos između riječi ""plaža"" i ""kamenčići"" jednak je odnosu između riječi ""stol"" i "
345,HR,slatkiš,voće,plastika,"['polimer', 'ulje', 'plin', 'ugljen']","Odnos između riječi ""slatkiš"" i ""voće"" jednak je odnosu između riječi ""plastika"" i "
346,HR,snijeg,vodik,snijeg,"['voda', 'kisik', 'vodik', 'pahulja', 'led', 'pahuljica', 'pahuljice', 'H2O', 'atomski_broj_1', 'atomski_broj_8', 'H', 'O']","Odnos između riječi ""snijeg"" i ""vodik"" jednak je odnosu između riječi ""snijeg"" i "
347,HR,omlet,jaja,plaža,"['pijesak', 'silicij', 'stijene', 'kamenčići', 'atomski_broj_14', 'Si']","Odnos između riječi ""omlet"" i ""jaja"" jednak je odnosu između riječi ""plaža"" i "
348,HR,snijeg,led,peni,"['metal', 'legura', 'bronca', 'nikal', 'cink', 'bakar', 'kositar', 'slitina']","Odnos između riječi ""snijeg"" i ""led"" jednak je odnosu između riječi ""peni"" i "
349,HR,atmosfera,plin,zid,"['cement', 'cigle', 'kamenje', 'stijene', 'drvo', 'karton', 'ploča', 'daska', 'glina', 'blato']","Odnos između riječi ""atmosfera"" i ""plin"" jednak je odnosu između riječi ""zid"" i "
350,HR,slatkiš,melasa,novac,"['papir', 'metal', 'srebro', 'zlato', 'željezo', 'bakar', 'kositar']","Odnos između riječi ""slatkiš"" i ""melasa"" jednak je odnosu između riječi ""novac"" i "
351,HR,boca,plastika,žlica,"['aluminij', 'drvo', 'čelik']","Odnos između riječi ""boca"" i ""plastika"" jednak je odnosu između riječi ""žlica"" i "
352,HR,led,kisik,led,"['voda', 'kisik', 'vodik', 'H2O', 'atomski_broj_1', 'atomski_broj_8', 'H', 'O']","Odnos između riječi ""led"" i ""kisik"" jednak je odnosu između riječi ""led"" i "
353,HR,torba,koža,led,"['voda', 'kisik', 'vodik', 'H2O', 'atomski_broj_1', 'atomski_broj_8', 'H', 'O']","Odnos između riječi ""torba"" i ""koža"" jednak je odnosu između riječi ""led"" i "
354,HR,krov,metal,zdjela,"['staklo', 'porculan', 'aluminij', 'drvo', 'čelik', 'plastika', 'glina']","Odnos između riječi ""krov"" i ""metal"" jednak je odnosu između riječi ""zdjela"" i "
355,HR,radni_stol,metal,kvaka,"['metal', 'čelik', 'bronca', 'drvo']","Odnos između riječi ""radni_stol"" i ""metal"" jednak je odnosu između riječi ""kvaka"" i "
356,HR,plastika,plin,plaža,"['pijesak', 'silicij', 'stijene', 'kamenčići', 'atomski_broj_14', 'Si']","Odnos između riječi ""plastika"" i ""plin"" jednak je odnosu između riječi ""plaža"" i "
357,HR,čelik,ugljik,čokolada,"['kakao', 'grah', 'zrno_kakaovca']","Odnos između riječi ""čelik"" i ""ugljik"" jednak je odnosu između riječi ""čokolada"" i "
358,HR,kuća,cigle,beton,"['silicij', 'cement', 'voda', 'pijesak', 'atomski_broj_14', 'Si']","Odnos između riječi ""kuća"" i ""cigle"" jednak je odnosu između riječi ""beton"" i "
359,HR,kuća,glina,atmosfera,"['plin', 'kisik', 'vodik', 'dušik', 'ozon']","Odnos između riječi ""kuća"" i ""glina"" jednak je odnosu između riječi ""atmosfera"" i "
360,DE,Gebäck,Ei,Brot,"['Mehl', 'Hefe']","""Gebäck"" ist zu ""Ei"" wie ""Brot"" ist zu "
361,DE,Tisch,Metall,Eiszapfen,"['Eis', 'Wasser']","""Tisch"" ist zu ""Metall"" wie ""Eiszapfen"" ist zu "
362,DE,Türknauff,Holz,Geld,"['Papier', 'Metall', 'Silver', 'Gold', 'Eisen', 'Kupfer', 'Zinn']","""Türknauff"" ist zu ""Holz"" wie ""Geld"" ist zu "
363,DE,Penny,Kupfer,Türknauff,"['Metall', 'Stahl', 'Bronze', 'Holz']","""Penny"" ist zu ""Kupfer"" wie ""Türknauff"" ist zu "
364,DE,Beton,Sand,Schokolade,"['Kakao', 'Bohne', 'Kakaobohne', 'DULICATE_Kakaobohne', 'Kakaomasse,Zucker']","""Beton"" ist zu ""Sand"" wie ""Schokolade"" ist zu "
365,DE,Dach,Schindeln,Süßwaren,"['Zucker', 'Nougat', 'Schokolade', 'Gelatine', 'Melasse', 'Sirup', 'Honig', 'Frucht', 'Nüsse']","""Dach"" ist zu ""Schindeln"" wie ""Süßwaren"" ist zu "
366,DE,Meer,Wasser,Eiszapfen,"['Eis', 'Wasser']","""Meer"" ist zu ""Wasser"" wie ""Eiszapfen"" ist zu "
367,DE,Wolke,Verdampfung,Wand,"['Zement', 'Ziegel', 'Steine', 'Fels', 'Holz', 'Karton', 'Pappe', 'Brett', 'Tonerde', 'Lehm']","""Wolke"" ist zu ""Verdampfung"" wie ""Wand"" ist zu "
368,DE,Geld,Kupfer,Wasser,"['Sauerstoff', 'Wasserstoff', 'H2O', 'Ordnungszahl_1', 'Ordnungszahl_8', 'H', 'O', 'Molekül']","""Geld"" ist zu ""Kupfer"" wie ""Wasser"" ist zu "
369,DE,Plastik,Kohle,Wein,"['Weintrauben', 'Weintraube']","""Plastik"" ist zu ""Kohle"" wie ""Wein"" ist zu "
370,DE,Bronze,Kupfer,Eiszapfen,"['Eis', 'Wasser']","""Bronze"" ist zu ""Kupfer"" wie ""Eiszapfen"" ist zu "
371,DE,Bart,Haar,Eiszapfen,"['Eis', 'Wasser']","""Bart"" ist zu ""Haar"" wie ""Eiszapfen"" ist zu "
372,DE,Penny,Nickel,Wasser,"['Sauerstoff', 'Wasserstoff', 'H2O', 'Ordnungszahl_1', 'Ordnungszahl_8', 'H', 'O', 'Molekül']","""Penny"" ist zu ""Nickel"" wie ""Wasser"" ist zu "
373,DE,Wand,Tonerde,Geld,"['Papier', 'Metall', 'Silver', 'Gold', 'Eisen', 'Kupfer', 'Zinn']","""Wand"" ist zu ""Tonerde"" wie ""Geld"" ist zu "
374,DE,Strand,Kieselsteine,Tisch,"['Holz', 'Metall', 'Plastik']","""Strand"" ist zu ""Kieselsteine"" wie ""Tisch"" ist zu "
375,DE,Süßwaren,Frucht,Plastik,"['Polymer', 'Öl', 'Gas', 'Kohle']","""Süßwaren"" ist zu ""Frucht"" wie ""Plastik"" ist zu "
376,DE,Schnee,Wasserstoff,Schnee,"['Wasser', 'Sauerstoff', 'Wasserstoff', 'Flocke', 'Eis', 'Schneeflocke', 'Schneeflocken', 'H2O', 'Ordnungszahl_1', 'Ordnungszahl_8', 'H', 'O']","""Schnee"" ist zu ""Wasserstoff"" wie ""Schnee"" ist zu "
377,DE,Omelett,Eier,Strand,"['Sand', 'Silizium', 'Felsen', 'Kieselsteine', 'Ordnungszahl_14']","""Omelett"" ist zu ""Eier"" wie ""Strand"" ist zu "
378,DE,Schnee,Eis,Penny,"['Metall', 'Legierung', 'Bronze', 'Nickel', 'Zink', 'Kupfer', 'Zinn']","""Schnee"" ist zu ""Eis"" wie ""Penny"" ist zu "
379,DE,Atmosphäre,Gas,Wand,"['Zement', 'Ziegel', 'Steine', 'Fels', 'Holz', 'Karton', 'Pappe', 'Brett', 'Tonerde', 'Lehm']","""Atmosphäre"" ist zu ""Gas"" wie ""Wand"" ist zu "
380,DE,Süßwaren,Melasse,Geld,"['Papier', 'Metall', 'Silver', 'Gold', 'Eisen', 'Kupfer', 'Zinn']","""Süßwaren"" ist zu ""Melasse"" wie ""Geld"" ist zu "
381,DE,Flasche,Kunststoff,Löffel,"['Aluminium', 'Holz', 'Stahl']","""Flasche"" ist zu ""Kunststoff"" wie ""Löffel"" ist zu "
382,DE,Eis,Sauerstoff,Eis,"['Wasser', 'Sauerstoff', 'Wasserstoff', 'H2O', 'Ordnungszahl_1', 'Ordnungszahl_8', 'H', 'O', 'Kristalle']","""Eis"" ist zu ""Sauerstoff"" wie ""Eis"" ist zu "
383,DE,Tasche,Leder,Eis,"['Wasser', 'Sauerstoff', 'Wasserstoff', 'H2O', 'Ordnungszahl_1', 'Ordnungszahl_8', 'H', 'O', 'Kristalle']","""Tasche"" ist zu ""Leder"" wie ""Eis"" ist zu "
384,DE,Dach,Metall,Schüssel,"['Glas', 'Porzellan', 'Aluminium', 'Holz', 'Stahl', 'Kunststoff', 'Ton']","""Dach"" ist zu ""Metall"" wie ""Schüssel"" ist zu "
385,DE,Tisch,Metall,Türknauff,"['Metall', 'Stahl', 'Bronze', 'Holz']","""Tisch"" ist zu ""Metall"" wie ""Türknauff"" ist zu "
386,DE,Plastik,Gas,Strand,"['Sand', 'Silizium', 'Felsen', 'Kieselsteine', 'Ordnungszahl_14']","""Plastik"" ist zu ""Gas"" wie ""Strand"" ist zu "
387,DE,Stahl,Kohlenstoff,Schokolade,"['Kakao', 'Bohne', 'Kakaobohne', 'DULICATE_Kakaobohne', 'Kakaomasse,Zucker']","""Stahl"" ist zu ""Kohlenstoff"" wie ""Schokolade"" ist zu "
388,DE,Haus,Ziegelsteine,Beton,"['Silizium', 'Zement', 'Wasser', 'Sand', 'Ordnungszahl_14', 'Si']","""Haus"" ist zu ""Ziegelsteine"" wie ""Beton"" ist zu "
389,DE,Haus,Ton,Atmosphäre,"['Gas', 'Sauerstoff', 'Wasserstoff', 'Stickstoff', 'Ozon']","""Haus"" ist zu ""Ton"" wie ""Atmosphäre"" ist zu "
390,FR,pâtisserie,œuf,pain,"['farine', 'levure']","""pâtisserie"" est à ""œuf"" ce que ""pain"" est à "
391,FR,table,métal,glaçon,"['glace', 'eau']","""table"" est à ""métal"" ce que ""glaçon"" est à "
392,FR,poignée_de_porte,bois,argent,"['papier', 'métal', 'argent', 'or', 'fer', 'cuivre', 'étain']","""poignée_de_porte"" est à ""bois"" ce que ""argent"" est à "
393,FR,penny,cuivre,poignée_de_porte,"['métal', 'acier', 'bronze', 'bois']","""penny"" est à ""cuivre"" ce que ""poignée_de_porte"" est à "
394,FR,béton,sable,chocolat,"['cacao', 'fève', 'fève_de_cacao', 'fève_cacao']","""béton"" est à ""sable"" ce que ""chocolat"" est à "
395,FR,toit,bardeaux,bonbons,"['sucre', 'nougat', 'chocolat', 'gélatine', 'mélasse', 'sirop', 'miel', 'fruits', 'noix']","""toit"" est à ""bardeaux"" ce que ""bonbons"" est à "
396,FR,mer,eau,glaçon,"['glace', 'eau']","""mer"" est à ""eau"" ce que ""glaçon"" est à "
397,FR,nuage,vapeur,mur,"['ciment', 'briques', 'pierres', 'roches', 'bois', 'carton', 'planche', 'argile', 'boue']","""nuage"" est à ""vapeur"" ce que ""mur"" est à "
398,FR,argent,cuivre,eau,"['oxygène', 'hydrogène', 'eau', 'h2o', 'numéro_atomique_1', 'numéro_atomique_8', 'h', 'o']","""argent"" est à ""cuivre"" ce que ""eau"" est à "
399,FR,plastique,charbon,vin,['raisin'],"""plastique"" est à ""charbon"" ce que ""vin"" est à "
400,FR,bronze,cuivre,glaçon,"['glace', 'eau']","""bronze"" est à ""cuivre"" ce que ""glaçon"" est à "
401,FR,barbe,cheveux,glaçon,"['glace', 'eau']","""barbe"" est à ""cheveux"" ce que ""glaçon"" est à "
402,FR,penny,nickel,eau,"['oxygène', 'hydrogène', 'eau', 'h2o', 'numéro_atomique_1', 'numéro_atomique_8', 'h', 'o']","""penny"" est à ""nickel"" ce que ""eau"" est à "
403,FR,mur,argile,argent,"['papier', 'métal', 'argent', 'or', 'fer', 'cuivre', 'étain']","""mur"" est à ""argile"" ce que ""argent"" est à "
404,FR,plage,cailloux,table,"['bois', 'métal', 'plastique']","""plage"" est à ""cailloux"" ce que ""table"" est à "
405,FR,bonbons,fruits,plastique,"['polymère', 'huile', 'gaz', 'charbon']","""bonbons"" est à ""fruits"" ce que ""plastique"" est à "
406,FR,neige,hydrogène,neige,"['eau', 'oxygène', 'hydrogène', 'flocon', 'glace', 'flocon_de_neige', 'flocons_de_neige', 'h2o', 'numéro_atomique_1', 'nombre_atomique_8', 'h', 'o']","""neige"" est à ""hydrogène"" ce que ""neige"" est à "
407,FR,omelette,œufs,plage,"['sable', 'silicium', 'roches', 'cailloux', 'numéro_atomique_14', 'si']","""omelette"" est à ""œufs"" ce que ""plage"" est à "
408,FR,neige,glace,penny,"['métal', 'alliage', 'bronze', 'nickel', 'zinc', 'cuivre', 'étain']","""neige"" est à ""glace"" ce que ""penny"" est à "
409,FR,atmosphère,gaz,mur,"['ciment', 'briques', 'pierres', 'roches', 'bois', 'carton', 'planche', 'argile', 'boue']","""atmosphère"" est à ""gaz"" ce que ""mur"" est à "
410,FR,bonbons,mélasse,argent,"['papier', 'métal', 'argent', 'or', 'fer', 'cuivre', 'étain']","""bonbons"" est à ""mélasse"" ce que ""argent"" est à "
411,FR,bouteille,plastique,cuillère,"['aluminium', 'bois', 'acier']","""bouteille"" est à ""plastique"" ce que ""cuillère"" est à "
412,FR,glace,oxygène,glace,"['eau', 'oxygène', 'hydrogène', 'h2o', 'numéro_atomique_1', 'numéro_atomique_8', 'h', 'o']","""glace"" est à ""oxygène"" ce que ""glace"" est à "
413,FR,sac,cuir,glace,"['eau', 'oxygène', 'hydrogène', 'h2o', 'numéro_atomique_1', 'numéro_atomique_8', 'h', 'o']","""sac"" est à ""cuir"" ce que ""glace"" est à "
414,FR,toit,métal,bol,"['verre', 'chine', 'aluminium', 'bois', 'acier', 'plastique', 'argile']","""toit"" est à ""métal"" ce que ""bol"" est à "
415,FR,bureau,métal,poignée_de_porte,"['métal', 'acier', 'bronze', 'bois']","""bureau"" est à ""métal"" ce que ""poignée_de_porte"" est à "
416,FR,plastique,gaz,plage,"['sable', 'silicium', 'roches', 'cailloux', 'numéro_atomique_14', 'si']","""plastique"" est à ""gaz"" ce que ""plage"" est à "
417,FR,acier,carbone,chocolat,"['cacao', 'fève', 'fève_de_cacao', 'fève_cacao']","""acier"" est à ""carbone"" ce que ""chocolat"" est à "
418,FR,maison,briques,béton,"['silicium', 'ciment', 'eau', 'sable', 'nombre_atomique_14', 'si']","""maison"" est à ""briques"" ce que ""béton"" est à "
419,FR,maison,argile,atmosphère,"['gaz', 'oxygène', 'hydrogène', 'azote', 'ozone']","""maison"" est à ""argile"" ce que ""atmosphère"" est à "
420,ES,masa,huevo,pan,"['harina', 'levadura']","""masa"" es a ""huevo"" como ""pan"" es a  "
421,ES,mesa,metal,carámbano,"['hielo', 'agua']","""mesa"" es a ""metal"" como ""carámbano"" es a  "
422,ES,pomo,madera,dinero,"['papel', 'metal', 'plata', 'oro', 'hierro', 'cobre', 'estaño']","""pomo"" es a ""madera"" como ""dinero"" es a  "
423,ES,penique,cobre,pomo,"['metal', 'acero', 'bronce', 'madera']","""penique"" es a ""cobre"" como ""pomo"" es a  "
424,ES,hormigón,arena,chocolate,"['cacao', 'grano', 'grano_de_cacao', 'cocoa,grano_de_cocoa']","""hormigón"" es a ""arena"" como ""chocolate"" es a  "
425,ES,tejado,tejas,golosina,"['azúcar', 'avellana', 'chocolate', 'gelatina', 'melaza', 'sirope', 'miel', 'fruta', 'fruto_seco']","""tejado"" es a ""tejas"" como ""golosina"" es a  "
426,ES,mar,agua,carámbano,"['hielo', 'agua']","""mar"" es a ""agua"" como ""carámbano"" es a  "
427,ES,nube,vapor,pared,"['cemento', 'ladrillo', 'piedra', 'rocas', 'madera', 'cartulina', 'cartón', 'plancha', 'cerámica', 'barro']","""nube"" es a ""vapor"" como ""pared"" es a  "
428,ES,dinero,cobre,agua,"['oxígeno', 'hidrógeno', 'h2o', 'número_atómico_1', 'número_atómico_8', 'h', 'o']","""dinero"" es a ""cobre"" como ""agua"" es a  "
429,ES,plástico,carbón,vino,"['uvas', 'uva']","""plástico"" es a ""carbón"" como ""vino"" es a  "
430,ES,bronce,cobre,carámbano,"['hielo', 'agua']","""bronce"" es a ""cobre"" como ""carámbano"" es a  "
431,ES,barba,pelo,carámbano,"['hielo', 'agua']","""barba"" es a ""pelo"" como ""carámbano"" es a  "
432,ES,penique,niquel,agua,"['oxígeno', 'hidrógeno', 'h2o', 'número_atómico_1', 'número_atómico_8', 'h', 'o']","""penique"" es a ""niquel"" como ""agua"" es a  "
433,ES,pared,cerámica,dinero,"['papel', 'metal', 'plata', 'oro', 'hierro', 'cobre', 'estaño']","""pared"" es a ""cerámica"" como ""dinero"" es a  "
434,ES,playa,guijarro,mesa,"['madera', 'metal', 'plástico']","""playa"" es a ""guijarro"" como ""mesa"" es a  "
435,ES,golosina,fruta,plástico,"['polímero', 'aceite', 'gas', 'carbón']","""golosina"" es a ""fruta"" como ""plástico"" es a  "
436,ES,nieve,hidrógeno,nieve,"['agua', 'oxígeno', 'hidrógeno', 'copo', 'hielo', 'copo_de_nieve', 'copos_de_nieve', 'h2o', 'número_atómico_1', 'número_atómico_8', 'h', 'o']","""nieve"" es a ""hidrógeno"" como ""nieve"" es a  "
437,ES,tortilla,huevos,playa,"['arena', 'silicio', 'rocas', 'guijarro', 'número_atómico_14', 'si']","""tortilla"" es a ""huevos"" como ""playa"" es a  "
438,ES,nieve,hielo,penique,"['metal', 'aleación', 'bronce', 'niquel', 'zinc', 'cobre', 'estaño']","""nieve"" es a ""hielo"" como ""penique"" es a  "
439,ES,atmósfera,gas,pared,"['cemento', 'ladrillo', 'piedra', 'rocas', 'madera', 'cartulina', 'cartón', 'plancha', 'cerámica', 'barro']","""atmósfera"" es a ""gas"" como ""pared"" es a  "
440,ES,golosina,melaza,dinero,"['papel', 'metal', 'plata', 'oro', 'hierro', 'cobre', 'estaño']","""golosina"" es a ""melaza"" como ""dinero"" es a  "
441,ES,botella,plástico,cuchara,"['aluminio', 'madera', 'acero']","""botella"" es a ""plástico"" como ""cuchara"" es a  "
442,ES,hielo,oxígeno,hielo,"['agua', 'oxígeno', 'hidrógeno', 'h2o', 'número_atómico_1', 'número_atómico_8', 'h', 'o']","""hielo"" es a ""oxígeno"" como ""hielo"" es a  "
443,ES,bolsa,cuero,hielo,"['agua', 'oxígeno', 'hidrógeno', 'h2o', 'número_atómico_1', 'número_atómico_8', 'h', 'o']","""bolsa"" es a ""cuero"" como ""hielo"" es a  "
444,ES,tejado,metal,bol,"['cristal', 'loza', 'aluminio', 'madera', 'acero', 'plástico', 'arcilla']","""tejado"" es a ""metal"" como ""bol"" es a  "
445,ES,escritorio,metal,pomo,"['metal', 'acero', 'bronce', 'madera']","""escritorio"" es a ""metal"" como ""pomo"" es a  "
446,ES,plástico,gas,playa,"['arena', 'silicio', 'rocas', 'guijarro', 'número_atómico_14', 'si']","""plástico"" es a ""gas"" como ""playa"" es a  "
447,ES,acero,carbón,chocolate,"['cacao', 'grano', 'grano_de_cacao', 'cocoa,grano_de_cocoa']","""acero"" es a ""carbón"" como ""chocolate"" es a  "
448,ES,casa,ladrillo,hormigón,"['silicio', 'cemento', 'agua', 'arena', 'número_atómico_14', 'si']","""casa"" es a ""ladrillo"" como ""hormigón"" es a  "
449,ES,casa,cerámica,atmósfera,"['gas', 'oxígeno', 'hidrógeno', 'nitrógeno', 'ozono']","""casa"" es a ""cerámica"" como ""atmósfera"" es a  "
450,LT,tešlainis,kiaušinis,duona,"['miltai', 'mielės']","""tešlainis"" yra ""kiaušinis"" taip, kaip ""duona"" yra "
451,LT,stalas,metalas,varveklis,"['ledas', 'vanduo']","""stalas"" yra ""metalas"" taip, kaip ""varveklis"" yra "
452,LT,rutulio_formos_durų_rankena,medis,pinigai,"['popierius', 'metalas', 'sidabras', 'auksas', 'geležis', 'varis', 'alavas']","""rutulio_formos_durų_rankena"" yra ""medis"" taip, kaip ""pinigai"" yra "
453,LT,pensas,varis,rutulio_formos_durų_rankena,"['metalas', 'plienas', 'bronza', 'medis']","""pensas"" yra ""varis"" taip, kaip ""rutulio_formos_durų_rankena"" yra "
454,LT,betonas,smėlis,šokoladas,"['kakava', 'pupelė', 'kakavos_pupelė', 'kakavos_sviestas,kakavos_milteliai']","""betonas"" yra ""smėlis"" taip, kaip ""šokoladas"" yra "
455,LT,stogas,stogo_danga,saldainiai,"['cukrus', 'nuga', 'šokoladas', 'želatina', 'melasa', 'sirupas', 'medus', 'vaisiai', 'riešutai']","""stogas"" yra ""stogo_danga"" taip, kaip ""saldainiai"" yra "
456,LT,jūra,vanduo,varveklis,"['ledas', 'vanduo']","""jūra"" yra ""vanduo"" taip, kaip ""varveklis"" yra "
457,LT,debesis,garai,siena,"['cementas', 'plytos', 'akmenys', 'uolos', 'medis', 'kartonas', 'lenta', 'lentjuostė', 'molis', 'purvas']","""debesis"" yra ""garai"" taip, kaip ""siena"" yra "
458,LT,pinigai,varis,vanduo,"['deguonis', 'vandenilis', 'H2O', 'atominis_skaičius_1', 'atominis_skaičius_8', 'H', 'O']","""pinigai"" yra ""varis"" taip, kaip ""vanduo"" yra "
459,LT,plastikas,akmens_anglys,vynas,"['vynuogės', 'vynuogė']","""plastikas"" yra ""akmens_anglys"" taip, kaip ""vynas"" yra "
460,LT,bronza,varis,varveklis,"['ledas', 'vanduo']","""bronza"" yra ""varis"" taip, kaip ""varveklis"" yra "
461,LT,barzda,plaukai,varveklis,"['ledas', 'vanduo']","""barzda"" yra ""plaukai"" taip, kaip ""varveklis"" yra "
462,LT,pensas,nikelis,vanduo,"['deguonis', 'vandenilis', 'H2O', 'atominis_skaičius_1', 'atominis_skaičius_8', 'H', 'O']","""pensas"" yra ""nikelis"" taip, kaip ""vanduo"" yra "
463,LT,siena,molis,pinigai,"['popierius', 'metalas', 'sidabras', 'auksas', 'geležis', 'varis', 'alavas']","""siena"" yra ""molis"" taip, kaip ""pinigai"" yra "
464,LT,paplūdimys,apvalainukai,stalas,"['medis', 'metalas', 'plastikas']","""paplūdimys"" yra ""apvalainukai"" taip, kaip ""stalas"" yra "
465,LT,saldainiai,vaisiai,plastikas,"['polimeras', 'nafta', 'dujos', 'akmens_anglys']","""saldainiai"" yra ""vaisiai"" taip, kaip ""plastikas"" yra "
466,LT,sniegas,vandenilis,sniegas,"['vanduo', 'deguonis', 'vandenilis', 'sniego_dribsnis', 'ledas', 'snaigė', 'snaigės', 'H2O', 'atominis_skaičius_1', 'atominis_skaičius_8', 'H', 'O']","""sniegas"" yra ""vandenilis"" taip, kaip ""sniegas"" yra "
467,LT,omletas,kiaušiniai,paplūdimys,"['smėlis', 'silicis', 'uolos', 'apvalainukai', 'atominis_skaičius_14', 'Si', 'žvirgždas,gargždas']","""omletas"" yra ""kiaušiniai"" taip, kaip ""paplūdimys"" yra "
468,LT,sniegas,ledas,pensas,"['metalas', 'lydinys', 'bronza', 'nikelis', 'cinkas', 'varis', 'alavas']","""sniegas"" yra ""ledas"" taip, kaip ""pensas"" yra "
469,LT,atmosfera,dujos,siena,"['cementas', 'plytos', 'akmenys', 'uolos', 'medis', 'kartonas', 'lenta', 'lentjuostė', 'molis', 'purvas']","""atmosfera"" yra ""dujos"" taip, kaip ""siena"" yra "
470,LT,saldainiai,melasa,pinigai,"['popierius', 'metalas', 'sidabras', 'auksas', 'geležis', 'varis', 'alavas']","""saldainiai"" yra ""melasa"" taip, kaip ""pinigai"" yra "
471,LT,butelis,plastikas,šaukštas,"['aliuminis', 'medis', 'plienas']","""butelis"" yra ""plastikas"" taip, kaip ""šaukštas"" yra "
472,LT,ledas,deguonis,ledas,"['vanduo', 'deguonis', 'vandenilis', 'H2O', 'atominis_skaičius_1', 'atominis_skaičius_8', 'H', 'O', 'vandens_molekulė']","""ledas"" yra ""deguonis"" taip, kaip ""ledas"" yra "
473,LT,krepšys,oda,ledas,"['vanduo', 'deguonis', 'vandenilis', 'H2O', 'atominis_skaičius_1', 'atominis_skaičius_8', 'H', 'O', 'vandens_molekulė']","""krepšys"" yra ""oda"" taip, kaip ""ledas"" yra "
474,LT,stogas,metalas,dubuo,"['stiklas', 'porcelianas', 'aliuminis', 'medis', 'plienas', 'plastikas', 'molis']","""stogas"" yra ""metalas"" taip, kaip ""dubuo"" yra "
475,LT,rašomasis_stalas,metalas,rutulio_formos_durų_rankena,"['metalas', 'plienas', 'bronza', 'medis']","""rašomasis_stalas"" yra ""metalas"" taip, kaip ""rutulio_formos_durų_rankena"" yra "
476,LT,plastikas,dujos,paplūdimys,"['smėlis', 'silicis', 'uolos', 'apvalainukai', 'atominis_skaičius_14', 'Si', 'žvirgždas,gargždas']","""plastikas"" yra ""dujos"" taip, kaip ""paplūdimys"" yra "
477,LT,plienas,anglis,šokoladas,"['kakava', 'pupelė', 'kakavos_pupelė', 'kakavos_sviestas,kakavos_milteliai']","""plienas"" yra ""anglis"" taip, kaip ""šokoladas"" yra "
478,LT,namas,plytos,betonas,"['silicis', 'cementas', 'vanduo', 'smėlis', 'atominis_skaičius_14', 'Si']","""namas"" yra ""plytos"" taip, kaip ""betonas"" yra "
479,LT,namas,molis,atmosfera,"['dujos', 'deguonis', 'vandenilis', 'azotas', 'ozonas']","""namas"" yra ""molis"" taip, kaip ""atmosfera"" yra "
